No.,Word,Pinyin,POS,Topic,Definition,HSK Level
1,爱,ài,动词,日常生活与情感,to love; to like,HSK 2.0 Level 1
2,八,bā,数词,语法功能词,eight,HSK 2.0 Level 1
3,爸爸,bàba,名词,日常生活与情感,father; dad,HSK 2.0 Level 1
4,杯子,bēizi,名词,日常生活与情感,cup; glass,HSK 2.0 Level 1
5,北京,Běijīng,名词,旅行与交通,Beijing,HSK 2.0 Level 1
6,本,běn,量词,语法功能词,measure word for books,HSK 2.0 Level 1
7,不客气,bú kèqi,形容词,人际交往,you are welcome; polite,HSK 2.0 Level 1
8,不,bù,副词,语法功能词,not; no,HSK 2.0 Level 1
9,菜,cài,名词,日常生活与情感,dish; vegetable,HSK 2.0 Level 1
10,茶,chá,名词,日常生活与情感,tea,HSK 2.0 Level 1
11,吃,chī,动词,日常生活与情感,to eat,HSK 2.0 Level 1
12,出租车,chūzūchē,名词,旅行与交通,taxi; cab,HSK 2.0 Level 1
13,打电话,dǎ diànhuà,动词,人际交往,to make a phone call,HSK 2.0 Level 1
14,大,dà,形容词,日常生活与情感,big; large,HSK 2.0 Level 1
15,的,de,助词,语法功能词,of; (possessive particle),HSK 2.0 Level 1
16,点,diǎn,量词,日常生活与情感,o'clock; a little bit,HSK 2.0 Level 1
17,电脑,diànnǎo,名词,科技与环境,computer,HSK 2.0 Level 1
18,电视,diànshì,名词,科技与环境,television; TV,HSK 2.0 Level 1
19,电影,diànyǐng,名词,消费与休闲,movie; film,HSK 2.0 Level 1
20,东西,dōngxi,名词,消费与休闲,thing; object,HSK 2.0 Level 1
21,都,dōu,副词,语法功能词,all; both,HSK 2.0 Level 1
22,读,dú,动词,职场与教育,to read; to study,HSK 2.0 Level 1
23,对不起,duìbuqǐ,动词,人际交往,I am sorry; excuse me,HSK 2.0 Level 1
24,多,duō,形容词,日常生活与情感,many; much,HSK 2.0 Level 1
25,多少,duōshao,代词,语法功能词,how many; how much,HSK 2.0 Level 1
26,儿子,érzi,名词,日常生活与情感,son,HSK 2.0 Level 1
27,二,èr,数词,语法功能词,two,HSK 2.0 Level 1
28,饭馆,fànguǎn,名词,消费与休闲,restaurant,HSK 2.0 Level 1
29,飞机,fēijī,名词,旅行与交通,airplane; plane,HSK 2.0 Level 1
30,分钟,fēnzhōng,名词,日常生活与情感,minute,HSK 2.0 Level 1
31,高兴,gāoxìng,形容词,日常生活与情感,happy; glad,HSK 2.0 Level 1
32,个,gè,量词,语法功能词,general measure word,HSK 2.0 Level 1
33,工作,gōngzuò,动词,职场与教育,to work; job,HSK 2.0 Level 1
34,狗,gǒu,名词,日常生活与情感,dog,HSK 2.0 Level 1
35,汉语,Hànyǔ,名词,职场与教育,Chinese language; Mandarin,HSK 2.0 Level 1
36,好,hǎo,形容词,日常生活与情感,good; fine,HSK 2.0 Level 1
37,喝,hē,动词,日常生活与情感,to drink,HSK 2.0 Level 1
38,和,hé,连词,语法功能词,and; with,HSK 2.0 Level 1
39,很,hěn,副词,语法功能词,very; quite,HSK 2.0 Level 1
40,后面,hòumiàn,名词,日常生活与情感,back; behind,HSK 2.0 Level 1
41,回,huí,动词,旅行与交通,to return; to go back,HSK 2.0 Level 1
42,会,huì,动词,职场与教育,can; to know how to,HSK 2.0 Level 1
43,火车站,huǒchēzhàn,名词,旅行与交通,railway station; train station,HSK 2.0 Level 1
44,几,jǐ,代词,语法功能词,how many; several,HSK 2.0 Level 1
45,家,jiā,名词,日常生活与情感,home; family,HSK 2.0 Level 1
46,叫,jiào,动词,人际交往,to be called; to call,HSK 2.0 Level 1
47,今天,jīntiān,名词,日常生活与情感,today,HSK 2.0 Level 1
48,九,jiǔ,数词,语法功能词,nine,HSK 2.0 Level 1
49,开,kāi,动词,旅行与交通,to drive; to open,HSK 2.0 Level 1
50,看,kàn,动词,日常生活与情感,to look; to watch,HSK 2.0 Level 1
51,看见,kànjiàn,动词,日常生活与情感,to see; to catch sight of,HSK 2.0 Level 1
52,块,kuài,量词,语法功能词,piece; yuan,HSK 2.0 Level 1
53,来,lái,动词,旅行与交通,to come; to arrive,HSK 2.0 Level 1
54,老师,lǎoshī,名词,职场与教育,teacher,HSK 2.0 Level 1
55,了,le,助词,语法功能词,(modal/aspect particle),HSK 2.0 Level 1
56,冷,lěng,形容词,科技与环境,cold,HSK 2.0 Level 1
57,里,lǐ,名词,日常生活与情感,inside; in,HSK 2.0 Level 1
58,零,líng,数词,语法功能词,zero,HSK 2.0 Level 1
59,六,liù,数词,语法功能词,six,HSK 2.0 Level 1
60,妈妈,māma,名词,日常生活与情感,mother; mom,HSK 2.0 Level 1
61,吗,ma,助词,语法功能词,(question particle),HSK 2.0 Level 1
62,买,mǎi,动词,消费与休闲,to buy; to purchase,HSK 2.0 Level 1
63,猫,māo,名词,日常生活与情感,cat,HSK 2.0 Level 1
64,没,méi,副词,语法功能词,not; have not,HSK 2.0 Level 1
65,没关系,méi guānxi,动词,人际交往,that is all right; never mind,HSK 2.0 Level 1
66,米饭,mǐfàn,名词,日常生活与情感,cooked rice,HSK 2.0 Level 1
67,明天,míngtiān,名词,日常生活与情感,tomorrow,HSK 2.0 Level 1
68,名字,míngzi,名词,人际交往,name,HSK 2.0 Level 1
69,哪（哪儿）,nǎ (nǎr),代词,语法功能词,which; where,HSK 2.0 Level 1
70,那（那儿）,nà (nàr),代词,语法功能词,that; there,HSK 2.0 Level 1
71,呢,ne,助词,语法功能词,(modal particle),HSK 2.0 Level 1
72,能,néng,动词,语法功能词,can; to be able to,HSK 2.0 Level 1
73,你,nǐ,代词,语法功能词,you,HSK 2.0 Level 1
74,年,nián,名词,日常生活与情感,year,HSK 2.0 Level 1
75,女儿,nǚ'ér,名词,日常生活与情感,daughter,HSK 2.0 Level 1
76,朋友,péngyou,名词,人际交往,friend,HSK 2.0 Level 1
77,漂亮,piàoliang,形容词,日常生活与情感,beautiful; pretty,HSK 2.0 Level 1
78,苹果,píngguǒ,名词,日常生活与情感,apple,HSK 2.0 Level 1
79,七,qī,数词,语法功能词,seven,HSK 2.0 Level 1
80,钱,qián,名词,消费与休闲,money,HSK 2.0 Level 1
81,前面,qiánmiàn,名词,日常生活与情感,front; ahead,HSK 2.0 Level 1
82,请,qǐng,动词,人际交往,please; to invite,HSK 2.0 Level 1
83,去,qù,动词,旅行与交通,to go,HSK 2.0 Level 1
84,热,rè,形容词,科技与环境,hot,HSK 2.0 Level 1
85,人,rén,名词,日常生活与情感,person; people,HSK 2.0 Level 1
86,认识,rènshi,动词,人际交往,to know; to recognize,HSK 2.0 Level 1
87,日,rì,名词,日常生活与情感,day; date,HSK 2.0 Level 1
88,三,sān,数词,语法功能词,three,HSK 2.0 Level 1
89,商店,shāngdiàn,名词,消费与休闲,shop; store,HSK 2.0 Level 1
90,上,shàng,名词,日常生活与情感,above; on; to go up,HSK 2.0 Level 1
91,上午,shàngwǔ,名词,日常生活与情感,morning; forenoon,HSK 2.0 Level 1
92,少,shǎo,形容词,日常生活与情感,few; little,HSK 2.0 Level 1
93,谁,shéi,代词,语法功能词,who; whom,HSK 2.0 Level 1
94,什么,shénme,代词,语法功能词,what,HSK 2.0 Level 1
95,十,shí,数词,语法功能词,ten,HSK 2.0 Level 1
96,时候,shíhou,名词,日常生活与情感,time; moment,HSK 2.0 Level 1
97,是,shì,动词,语法功能词,to be; yes,HSK 2.0 Level 1
98,书,shū,名词,职场与教育,book,HSK 2.0 Level 1
99,水,shuǐ,名词,日常生活与情感,water,HSK 2.0 Level 1
100,水果,shuǐguǒ,名词,日常生活与情感,fruit,HSK 2.0 Level 1
101,睡觉,shuìjiào,动词,日常生活与情感,to sleep; to go to bed,HSK 2.0 Level 1
102,说话,shuōhuà,动词,人际交往,to speak; to talk,HSK 2.0 Level 1
103,四,sì,数词,语法功能词,four,HSK 2.0 Level 1
104,岁,suì,量词,语法功能词,year of age,HSK 2.0 Level 1
105,他,tā,代词,语法功能词,he; him,HSK 2.0 Level 1
106,她,tā,代词,语法功能词,she; her,HSK 2.0 Level 1
107,太,tài,副词,语法功能词,too; extremely,HSK 2.0 Level 1
108,天气,tiānqì,名词,科技与环境,weather,HSK 2.0 Level 1
109,听,tīng,动词,日常生活与情感,to listen; to hear,HSK 2.0 Level 1
110,同学,tóngxué,名词,职场与教育,classmate,HSK 2.0 Level 1
111,喂,wèi,叹词,人际交往,hello; hey,HSK 2.0 Level 1
112,我,wǒ,代词,语法功能词,I; me,HSK 2.0 Level 1
113,我们,wǒmen,代词,语法功能词,we; us,HSK 2.0 Level 1
114,五,wǔ,数词,语法功能词,five,HSK 2.0 Level 1
115,喜欢,xǐhuan,动词,日常生活与情感,to like; to love,HSK 2.0 Level 1
116,下,xià,名词,日常生活与情感,below; under; to descend,HSK 2.0 Level 1
117,下午,xiàwǔ,名词,日常生活与情感,afternoon,HSK 2.0 Level 1
118,下雨,xià yǔ,动词,科技与环境,to rain,HSK 2.0 Level 1
119,先生,xiānsheng,名词,人际交往,Mr.; sir,HSK 2.0 Level 1
120,现在,xiànzài,名词,日常生活与情感,now; at present,HSK 2.0 Level 1
121,想,xiǎng,动词,日常生活与情感,to think; to miss; to want,HSK 2.0 Level 1
122,小,xiǎo,形容词,日常生活与情感,small; little,HSK 2.0 Level 1
123,小姐,xiǎojiě,名词,人际交往,Miss; young lady,HSK 2.0 Level 1
124,些,xiē,量词,语法功能词,some; a few,HSK 2.0 Level 1
125,写,xiě,动词,职场与教育,to write,HSK 2.0 Level 1
126,谢谢,xièxie,动词,人际交往,to thank; thanks,HSK 2.0 Level 1
127,星期,xīngqī,名词,日常生活与情感,week,HSK 2.0 Level 1
128,学生,xuésheng,名词,职场与教育,student,HSK 2.0 Level 1
129,学习,xuéxí,动词,职场与教育,to study; to learn,HSK 2.0 Level 1
130,学校,xuéxiào,名词,职场与教育,school,HSK 2.0 Level 1
131,一,yī,数词,语法功能词,one,HSK 2.0 Level 1
132,衣服,yīfu,名词,日常生活与情感,clothes; clothing,HSK 2.0 Level 1
133,医生,yīshēng,名词,健康与运动,doctor; physician,HSK 2.0 Level 1
134,医院,yīyuàn,名词,健康与运动,hospital,HSK 2.0 Level 1
135,椅子,yǐzi,名词,日常生活与情感,chair,HSK 2.0 Level 1
136,有,yǒu,动词,日常生活与情感,to have; there be,HSK 2.0 Level 1
137,月,yuè,名词,日常生活与情感,month; moon,HSK 2.0 Level 1
138,在,zài,介词,语法功能词,at; in; on,HSK 2.0 Level 1
139,再见,zàijiàn,动词,人际交往,goodbye; see you again,HSK 2.0 Level 1
140,怎么,zěnme,代词,语法功能词,how; why,HSK 2.0 Level 1
141,怎么样,zěnmeyàng,代词,语法功能词,how about; how is it,HSK 2.0 Level 1
142,这（这儿）,zhè (zhèr),代词,语法功能词,this; here,HSK 2.0 Level 1
143,中国,Zhōngguó,名词,旅行与交通,China,HSK 2.0 Level 1
144,中午,zhōngwǔ,名词,日常生活与情感,noon; midday,HSK 2.0 Level 1
145,住,zhù,动词,日常生活与情感,to live; to stay,HSK 2.0 Level 1
146,桌子,zhuōzi,名词,日常生活与情感,table; desk,HSK 2.0 Level 1
147,字,zì,名词,职场与教育,character; word,HSK 2.0 Level 1
148,昨天,zuótiān,名词,日常生活与情感,yesterday,HSK 2.0 Level 1
149,坐,zuò,动词,旅行与交通,to sit; to ride,HSK 2.0 Level 1
150,做,zuò,动词,日常生活与情感,to do; to make,HSK 2.0 Level 1
151,吧,ba,助词,语法功能词,(suggestion/modal particle),HSK 2.0 Level 2
152,白,bái,形容词,日常生活与情感,white,HSK 2.0 Level 2
153,百,bǎi,数词,语法功能词,hundred,HSK 2.0 Level 2
154,帮助,bāngzhù,动词,人际交往,to help; to assist,HSK 2.0 Level 2
155,报纸,bàozhǐ,名词,消费与休闲,newspaper,HSK 2.0 Level 2
156,比,bǐ,介词,语法功能词,than; to compare,HSK 2.0 Level 2
157,别,bié,副词,语法功能词,do not,HSK 2.0 Level 2
158,长,cháng,形容词,日常生活与情感,long,HSK 2.0 Level 2
159,唱歌,chànggē,动词,消费与休闲,to sing,HSK 2.0 Level 2
160,出,chū,动词,旅行与交通,to go out; to come out,HSK 2.0 Level 2
161,穿,chuān,动词,日常生活与情感,to wear; to put on,HSK 2.0 Level 2
162,船,chuán,名词,旅行与交通,boat; ship,HSK 2.0 Level 2
163,次,cì,量词,语法功能词,(measure word for frequency); time,HSK 2.0 Level 2
164,从,cóng,介词,语法功能词,from; since,HSK 2.0 Level 2
165,错,cuò,形容词,日常生活与情感,wrong; incorrect,HSK 2.0 Level 2
166,打篮球,dǎ lánqiú,动词,健康与运动,to play basketball,HSK 2.0 Level 2
167,大家,dàjiā,代词,语法功能词,everyone; all,HSK 2.0 Level 2
168,但是,dànshì,连词,语法功能词,but; however,HSK 2.0 Level 2
169,到,dào,动词,旅行与交通,to arrive; to reach,HSK 2.0 Level 2
170,得,de,助词,语法功能词,(structural particle),HSK 2.0 Level 2
171,等（动）,děng,动词,日常生活与情感,to wait; to await,HSK 2.0 Level 2
172,弟弟,dìdi,名词,日常生活与情感,younger brother,HSK 2.0 Level 2
173,第一,dì-yī,数词,语法功能词,first; number one,HSK 2.0 Level 2
174,懂,dǒng,动词,职场与教育,to understand; to know,HSK 2.0 Level 2
175,对（形）,duì,形容词,日常生活与情感,right; correct,HSK 2.0 Level 2
176,房间,fángjiān,名词,日常生活与情感,room,HSK 2.0 Level 2
177,非常,fēicháng,副词,语法功能词,very; extremely,HSK 2.0 Level 2
178,服务员,fúwùyuán,名词,消费与休闲,waiter; attendant,HSK 2.0 Level 2
179,高,gāo,形容词,日常生活与情感,tall; high,HSK 2.0 Level 2
180,告诉,gàosu,动词,人际交往,to tell; to inform,HSK 2.0 Level 2
181,哥哥,gēge,名词,日常生活与情感,elder brother,HSK 2.0 Level 2
182,给,gěi,动词,人际交往,to give; to grant,HSK 2.0 Level 2
183,公共汽车,gōnggòngqìchē,名词,旅行与交通,bus,HSK 2.0 Level 2
184,公斤,gōngjīn,量词,语法功能词,kilogram; kilo,HSK 2.0 Level 2
185,公司,gōngsī,名词,职场与教育,company; corporation,HSK 2.0 Level 2
186,贵,guì,形容词,消费与休闲,expensive; costly,HSK 2.0 Level 2
187,还,hái,副词,语法功能词,still; also; yet,HSK 2.0 Level 2
188,孩子,háizi,名词,日常生活与情感,child; children,HSK 2.0 Level 2
189,好吃,hǎochī,形容词,日常生活与情感,delicious; tasty,HSK 2.0 Level 2
190,号,hào,名词,日常生活与情感,date; number,HSK 2.0 Level 2
191,黑,hēi,形容词,日常生活与情感,black; dark,HSK 2.0 Level 2
192,红,hóng,形容词,日常生活与情感,red,HSK 2.0 Level 2
193,欢迎,huānyíng,动词,人际交往,to welcome; to greet,HSK 2.0 Level 2
194,回答,huídá,动词,职场与教育,to answer; to reply,HSK 2.0 Level 2
195,机场,jīchǎng,名词,旅行与交通,airport,HSK 2.0 Level 2
196,鸡蛋,jīdàn,名词,日常生活与情感,egg,HSK 2.0 Level 2
197,件,jiàn,量词,语法功能词,(measure word for matters or clothes),HSK 2.0 Level 2
198,教室,jiàoshì,名词,职场与教育,classroom,HSK 2.0 Level 2
199,姐姐,jiějie,名词,日常生活与情感,elder sister,HSK 2.0 Level 2
200,介绍,jièshào,动词,人际交往,to introduce; to recommend,HSK 2.0 Level 2
201,近,jìn,形容词,日常生活与情感,near; close,HSK 2.0 Level 2
202,进,jìn,动词,旅行与交通,to enter; to go in,HSK 2.0 Level 2
203,就,jiù,副词,语法功能词,then; at once; right away,HSK 2.0 Level 2
204,觉得,juéde,动词,日常生活与情感,to feel; to think,HSK 2.0 Level 2
205,咖啡,kāfēi,名词,日常生活与情感,coffee,HSK 2.0 Level 2
206,开始,kāishǐ,动词,日常生活与情感,to begin; to start,HSK 2.0 Level 2
207,考试,kǎoshì,名词,职场与教育,examination; test,HSK 2.0 Level 2
208,可能,kěnéng,副词,语法功能词,maybe; possibly,HSK 2.0 Level 2
209,可以,kěyǐ,动词,语法功能词,can; may,HSK 2.0 Level 2
210,课,kè,名词,职场与教育,class; lesson,HSK 2.0 Level 2
211,快,kuài,形容词,日常生活与情感,fast; quick,HSK 2.0 Level 2
212,快乐,kuàilè,形容词,日常生活与情感,happy; cheerful,HSK 2.0 Level 2
213,累,lèi,形容词,日常生活与情感,tired; weary,HSK 2.0 Level 2
214,离,lí,介词,语法功能词,away from; from,HSK 2.0 Level 2
215,两,liǎng,数词,语法功能词,two; a couple of,HSK 2.0 Level 2
216,路,lù,名词,旅行与交通,road; route,HSK 2.0 Level 2
217,旅游,lǚyóu,动词,旅行与交通,to travel; to tour,HSK 2.0 Level 2
218,卖,mài,动词,消费与休闲,to sell,HSK 2.0 Level 2
219,慢,màn,形容词,日常生活与情感,slow,HSK 2.0 Level 2
220,忙,máng,形容词,日常生活与情感,busy,HSK 2.0 Level 2
221,每,měi,代词,语法功能词,every; each,HSK 2.0 Level 2
222,妹妹,mèimei,名词,日常生活与情感,younger sister,HSK 2.0 Level 2
223,门,mén,名词,日常生活与情感,door; gate,HSK 2.0 Level 2
224,男人,nánrén,名词,日常生活与情感,man; male,HSK 2.0 Level 2
225,您,nín,代词,语法功能词,you (polite),HSK 2.0 Level 2
226,牛奶,niúnǎi,名词,日常生活与情感,milk,HSK 2.0 Level 2
227,女人,nǚrén,名词,日常生活与情感,woman; female,HSK 2.0 Level 2
228,旁边,pángbiān,名词,日常生活与情感,side; beside,HSK 2.0 Level 2
229,跑步,pǎobù,动词,健康与运动,to run; to jog,HSK 2.0 Level 2
230,便宜,piányi,形容词,消费与休闲,cheap; inexpensive,HSK 2.0 Level 2
231,票,piào,名词,消费与休闲,ticket,HSK 2.0 Level 2
232,妻子,qīzi,名词,日常生活与情感,wife,HSK 2.0 Level 2
233,起床,qǐchuáng,动词,日常生活与情感,to get up; to wake up,HSK 2.0 Level 2
234,千,qiān,数词,语法功能词,thousand,HSK 2.0 Level 2
235,晴,qíng,形容词,科技与环境,sunny; clear,HSK 2.0 Level 2
236,去年,qùnián,名词,日常生活与情感,last year,HSK 2.0 Level 2
237,让,ràng,动词,人际交往,to let; to allow; to make,HSK 2.0 Level 2
238,上班,shàngbān,动词,职场与教育,to go to work; to be on duty,HSK 2.0 Level 2
239,身体,shēntǐ,名词,健康与运动,body; health,HSK 2.0 Level 2
240,生病,shēngbìng,动词,健康与运动,to fall ill; to get sick,HSK 2.0 Level 2
241,生日,shēngrì,名词,日常生活与情感,birthday,HSK 2.0 Level 2
242,时间,shíjiān,名词,日常生活与情感,time,HSK 2.0 Level 2
243,事情,shìqing,名词,日常生活与情感,thing; matter; affair,HSK 2.0 Level 2
244,手表,shǒubiǎo,名词,消费与休闲,watch; wristwatch,HSK 2.0 Level 2
245,手机,shǒujī,名词,科技与环境,mobile phone; cellphone,HSK 2.0 Level 2
246,送,sòng,动词,人际交往,to deliver; to send; to give as a gift,HSK 2.0 Level 2
247,所以,suǒyǐ,连词,语法功能词,so; therefore,HSK 2.0 Level 2
248,它,tā,代词,语法功能词,it,HSK 2.0 Level 2
249,踢足球,tī zúqiú,动词,健康与运动,to play football; to play soccer,HSK 2.0 Level 2
250,题,tí,名词,职场与教育,question; topic; problem,HSK 2.0 Level 2
251,跳舞,tiàowǔ,动词,消费与休闲,to dance,HSK 2.0 Level 2
252,外,wài,名词,日常生活与情感,outside; exterior,HSK 2.0 Level 2
253,玩,wán,动词,消费与休闲,to play; to have fun,HSK 2.0 Level 2
254,完,wán,动词,日常生活与情感,to finish; to complete,HSK 2.0 Level 2
255,晚上,wǎnshang,名词,日常生活与情感,evening; night,HSK 2.0 Level 2
256,为什么,wèi shénme,代词,语法功能词,why; for what reason,HSK 2.0 Level 2
257,问,wèn,动词,人际交往,to ask; to inquire,HSK 2.0 Level 2
258,问题,wèntí,名词,职场与教育,question; problem,HSK 2.0 Level 2
259,西瓜,xīguā,名词,日常生活与情感,watermelon,HSK 2.0 Level 2
260,希望,xīwàng,动词,日常生活与情感,to hope; to wish,HSK 2.0 Level 2
261,洗,xǐ,动词,日常生活与情感,to wash; to bathe,HSK 2.0 Level 2
262,向,xiàng,介词,语法功能词,towards; to,HSK 2.0 Level 2
263,小时,xiǎoshí,名词,日常生活与情感,hour,HSK 2.0 Level 2
264,笑,xiào,动词,日常生活与情感,to smile; to laugh,HSK 2.0 Level 2
265,新,xīn,形容词,日常生活与情感,new,HSK 2.0 Level 2
266,姓,xìng,动词,人际交往,to be surnamed; surname,HSK 2.0 Level 2
267,休息,xiūxi,动词,健康与运动,to rest; to take a break,HSK 2.0 Level 2
268,雪,xuě,名词,科技与环境,snow,HSK 2.0 Level 2
269,颜色,yánsè,名词,日常生活与情感,color,HSK 2.0 Level 2
270,眼睛,yǎnjing,名词,健康与运动,eye,HSK 2.0 Level 2
271,羊肉,yángròu,名词,日常生活与情感,mutton; lamb,HSK 2.0 Level 2
272,要,yào,动词,日常生活与情感,to want; to need; will,HSK 2.0 Level 2
273,药,yào,名词,健康与运动,medicine; drug,HSK 2.0 Level 2
274,也,yě,副词,语法功能词,also; too,HSK 2.0 Level 2
275,已经,yǐjīng,副词,语法功能词,already,HSK 2.0 Level 2
276,一起,yìqǐ,副词,语法功能词,together,HSK 2.0 Level 2
277,意思,yìsi,名词,日常生活与情感,meaning; idea,HSK 2.0 Level 2
278,阴,yīn,形容词,科技与环境,overcast; cloudy,HSK 2.0 Level 2
279,因为,yīnwèi,连词,语法功能词,because; since,HSK 2.0 Level 2
280,游泳,yóuyǒng,动词,健康与运动,to swim,HSK 2.0 Level 2
281,右边,yòubian,名词,日常生活与情感,right side,HSK 2.0 Level 2
282,鱼,yú,名词,日常生活与情感,fish,HSK 2.0 Level 2
283,元,yuán,量词,语法功能词,yuan; currency unit,HSK 2.0 Level 2
284,远,yuǎn,形容词,日常生活与情感,far; distant,HSK 2.0 Level 2
285,运动,yùndòng,动词,健康与运动,to exercise; sports,HSK 2.0 Level 2
286,再,zài,副词,语法功能词,again; once more,HSK 2.0 Level 2
287,早上,zǎoshang,名词,日常生活与情感,morning,HSK 2.0 Level 2
288,张,zhāng,量词,语法功能词,(measure word for flat objects); piece,HSK 2.0 Level 2
289,丈夫,zhàngfu,名词,日常生活与情感,husband,HSK 2.0 Level 2
290,找,zhǎo,动词,日常生活与情感,to look for; to find,HSK 2.0 Level 2
291,着,zhe,助词,语法功能词,(aspect particle indicating continuous state),HSK 2.0 Level 2
292,真,zhēn,副词,语法功能词,really; truly,HSK 2.0 Level 2
293,正在,zhèngzài,副词,语法功能词,in the process of; currently,HSK 2.0 Level 2
294,知道,zhīdào,动词,日常生活与情感,to know; to realize,HSK 2.0 Level 2
295,准备,zhǔnbèi,动词,日常生活与情感,to prepare; to get ready,HSK 2.0 Level 2
296,自行车,zìxíngchē,名词,旅行与交通,bicycle; bike,HSK 2.0 Level 2
297,走,zǒu,动词,旅行与交通,to walk; to leave,HSK 2.0 Level 2
298,最,zuì,副词,语法功能词,most; -est,HSK 2.0 Level 2
299,左边,zuǒbian,名词,日常生活与情感,left side,HSK 2.0 Level 2
300,过（助）,guo,助词,语法功能词,(aspect particle indicating past experience),HSK 2.0 Level 2
301,只,zhǐ,副词,语法功能词,only; merely,HSK 2.0 Level 3
302,阿姨,āyí,名词,人际交往,auntie; nurse; maid,HSK 2.0 Level 3
303,啊,a,叹词,语法功能词,ah; oh,HSK 2.0 Level 3
304,矮,ǎi,形容词,日常生活与情感,short; low,HSK 2.0 Level 3
305,爱好,àihào,名词,消费与休闲,hobby; interest,HSK 2.0 Level 3
306,安静,ānjìng,形容词,日常生活与情感,quiet; peaceful,HSK 2.0 Level 3
307,把,bǎ,介词,语法功能词,(disposal marker); to hold,HSK 2.0 Level 3
308,班,bān,名词,职场与教育,class; shift,HSK 2.0 Level 3
309,搬,bān,动词,日常生活与情感,to move; to shift,HSK 2.0 Level 3
310,半,bàn,数词,语法功能词,half,HSK 2.0 Level 3
311,办法,bànfǎ,名词,职场与教育,method; way,HSK 2.0 Level 3
312,办公室,bàngōngshì,名词,职场与教育,office,HSK 2.0 Level 3
313,帮忙,bāngmáng,动词,人际交往,to help; to do a favor,HSK 2.0 Level 3
314,包,bāo,名词,消费与休闲,bag; package,HSK 2.0 Level 3
315,饱,bǎo,形容词,日常生活与情感,full; satisfied,HSK 2.0 Level 3
316,北方,běifāng,名词,旅行与交通,north; northern region,HSK 2.0 Level 3
317,被,bèi,介词,语法功能词,by; (passive marker),HSK 2.0 Level 3
318,鼻子,bízi,名词,健康与运动,nose,HSK 2.0 Level 3
319,比较,bǐjiào,副词,语法功能词,fairly; comparatively; to compare,HSK 2.0 Level 3
320,比赛,bǐsài,名词,健康与运动,match; competition,HSK 2.0 Level 3
321,必须,bìxū,副词,语法功能词,must; have to,HSK 2.0 Level 3
322,变化,biànhuà,动词,科技与环境,to change; variation,HSK 2.0 Level 3
323,表示,biǎoshì,动词,人际交往,to express; to show,HSK 2.0 Level 3
324,表演,biǎoyǎn,动词,消费与休闲,to perform; to act,HSK 2.0 Level 3
325,别人,biéren,名词,人际交往,other people; others,HSK 2.0 Level 3
326,宾馆,bīnguǎn,名词,旅行与交通,hotel,HSK 2.0 Level 3
327,冰箱,bīngxiāng,名词,科技与环境,refrigerator; fridge,HSK 2.0 Level 3
328,才,cái,副词,语法功能词,only then; just,HSK 2.0 Level 3
329,菜单,càidān,名词,消费与休闲,menu,HSK 2.0 Level 3
330,参加,cānjiā,动词,人际交往,to participate; to join,HSK 2.0 Level 3
331,草,cǎo,名词,科技与环境,grass,HSK 2.0 Level 3
332,层,céng,量词,语法功能词,floor; layer; story,HSK 2.0 Level 3
333,差,chà,形容词,职场与教育,poor; bad; short of,HSK 2.0 Level 3
334,超市,chāoshì,名词,消费与休闲,supermarket,HSK 2.0 Level 3
335,衬衫,chènshān,名词,消费与休闲,shirt; blouse,HSK 2.0 Level 3
336,成绩,chéngjì,名词,职场与教育,score; grade; achievement,HSK 2.0 Level 3
337,城市,chéngshì,名词,旅行与交通,city; town,HSK 2.0 Level 3
338,迟到,chídào,动词,职场与教育,to be late; to arrive late,HSK 2.0 Level 3
339,出现,chūxiàn,动词,日常生活与情感,to appear; to emerge,HSK 2.0 Level 3
340,厨房,chúfáng,名词,日常生活与情感,kitchen,HSK 2.0 Level 3
341,除了,chúle,介词,语法功能词,except; besides,HSK 2.0 Level 3
342,春,chūn,名词,科技与环境,spring,HSK 2.0 Level 3
343,词语,cíyǔ,名词,职场与教育,word; expression,HSK 2.0 Level 3
344,聪明,cōngming,形容词,日常生活与情感,clever; smart,HSK 2.0 Level 3
345,打扫,dǎsǎo,动词,日常生活与情感,to clean; to sweep,HSK 2.0 Level 3
346,打算,dǎsuàn,动词,日常生活与情感,to plan; to intend,HSK 2.0 Level 3
347,带,dài,动词,日常生活与情感,to bring; to take; to carry,HSK 2.0 Level 3
348,担心,dānxīn,动词,日常生活与情感,to worry; to be anxious,HSK 2.0 Level 3
349,蛋糕,dàngāo,名词,消费与休闲,cake,HSK 2.0 Level 3
350,当然,dāngrán,副词,语法功能词,of course; certainly,HSK 2.0 Level 3
351,地,de,助词,语法功能词,(adverbial particle),HSK 2.0 Level 3
352,灯,dēng,名词,日常生活与情感,lamp; light,HSK 2.0 Level 3
353,低,dī,形容词,日常生活与情感,low; down,HSK 2.0 Level 3
354,地方,dìfang,名词,旅行与交通,place; area,HSK 2.0 Level 3
355,地铁,dìtiě,名词,旅行与交通,subway; metro,HSK 2.0 Level 3
356,地图,dìtú,名词,旅行与交通,map,HSK 2.0 Level 3
357,电梯,diàntī,名词,旅行与交通,elevator; lift,HSK 2.0 Level 3
358,电子邮件,diànzǐ yóujiàn,名词,职场与教育,email,HSK 2.0 Level 3
359,冬,dōng,名词,科技与环境,winter,HSK 2.0 Level 3
360,东,dōng,名词,旅行与交通,east,HSK 2.0 Level 3
361,动物,dòngwù,名词,科技与环境,animal,HSK 2.0 Level 3
362,短,duǎn,形容词,日常生活与情感,short; brief,HSK 2.0 Level 3
363,段,duàn,量词,语法功能词,section; paragraph,HSK 2.0 Level 3
364,锻炼,duànliàn,动词,健康与运动,to exercise; to work out,HSK 2.0 Level 3
365,多么,duōme,副词,语法功能词,how; what,HSK 2.0 Level 3
366,饿,è,形容词,日常生活与情感,hungry,HSK 2.0 Level 3
367,而且,érqiě,连词,语法功能词,moreover; furthermore,HSK 2.0 Level 3
368,耳朵,ěrduo,名词,健康与运动,ear,HSK 2.0 Level 3
369,发烧,fāshāo,动词,健康与运动,to have a fever,HSK 2.0 Level 3
370,发现,fāxiàn,动词,日常生活与情感,to discover; to find,HSK 2.0 Level 3
371,方便,fāngbiàn,形容词,日常生活与情感,convenient,HSK 2.0 Level 3
372,放,fàng,动词,日常生活与情感,to put; to place,HSK 2.0 Level 3
373,放心,fàngxīn,动词,日常生活与情感,to rest assured; to feel relieved,HSK 2.0 Level 3
374,分,fēn,量词,语法功能词,minute; point; cent,HSK 2.0 Level 3
375,附近,fùjìn,名词,旅行与交通,nearby; vicinity,HSK 2.0 Level 3
376,复习,fùxí,动词,职场与教育,to review; to revise,HSK 2.0 Level 3
377,干净,gānjìng,形容词,日常生活与情感,clean; neat,HSK 2.0 Level 3
378,敢,gǎn,动词,日常生活与情感,to dare; to venture,HSK 2.0 Level 3
379,感冒,gǎnmào,动词,健康与运动,to catch a cold; common cold,HSK 2.0 Level 3
380,刚才,gāngcái,名词,日常生活与情感,just now; a moment ago,HSK 2.0 Level 3
381,跟,gēn,介词,语法功能词,with; to follow,HSK 2.0 Level 3
382,根据,gēnjù,介词,语法功能词,according to; on the basis of,HSK 2.0 Level 3
383,更,gèng,副词,语法功能词,more; even more,HSK 2.0 Level 3
384,公园,gōngyuán,名词,消费与休闲,park,HSK 2.0 Level 3
385,故事,gùshi,名词,消费与休闲,story; tale,HSK 2.0 Level 3
386,刮风,guā fēng,动词,科技与环境,to blow (wind); windy,HSK 2.0 Level 3
387,关,guān,动词,日常生活与情感,to close; to shut; to turn off,HSK 2.0 Level 3
388,关系,guānxì,名词,人际交往,relationship; relation,HSK 2.0 Level 3
389,关心,guānxīn,动词,人际交往,to care about; to be concerned about,HSK 2.0 Level 3
390,关于,guānyú,介词,语法功能词,about; regarding,HSK 2.0 Level 3
391,国家,guójiā,名词,旅行与交通,country; nation,HSK 2.0 Level 3
392,果汁,guǒzhī,名词,日常生活与情感,fruit juice; juice,HSK 2.0 Level 3
393,过去,guòqù,名词,日常生活与情感,past; in the past,HSK 2.0 Level 3
394,还是,háishì,连词,语法功能词,or; still,HSK 2.0 Level 3
395,害怕,hàipà,动词,日常生活与情感,to be afraid; to fear,HSK 2.0 Level 3
396,河,hé,名词,科技与环境,river,HSK 2.0 Level 3
397,黑板,hēibǎn,名词,职场与教育,blackboard; chalkboard,HSK 2.0 Level 3
398,护照,hùzhào,名词,旅行与交通,passport,HSK 2.0 Level 3
399,花（动）,huā,动词,消费与休闲,to spend (money or time),HSK 2.0 Level 3
400,花园,huāyuán,名词,日常生活与情感,garden,HSK 2.0 Level 3
401,画,huà,动词,消费与休闲,to draw; to paint,HSK 2.0 Level 3
402,坏,huài,形容词,日常生活与情感,bad; broken,HSK 2.0 Level 3
403,还,huán,副词,语法功能词,still; yet; also,HSK 2.0 Level 3
404,环境,huánjìng,名词,科技与环境,environment; surroundings,HSK 2.0 Level 3
405,换,huàn,动词,消费与休闲,to change; to exchange,HSK 2.0 Level 3
406,黄,huáng,形容词,日常生活与情感,yellow,HSK 2.0 Level 3
407,会议,huìyì,名词,职场与教育,meeting; conference,HSK 2.0 Level 3
408,或者,huòzhě,连词,语法功能词,or,HSK 2.0 Level 3
409,机会,jīhuì,名词,职场与教育,opportunity; chance,HSK 2.0 Level 3
410,几乎,jīhū,副词,语法功能词,almost; nearly,HSK 2.0 Level 3
411,极,jí,副词,语法功能词,extremely; highly,HSK 2.0 Level 3
412,记得,jìde,动词,日常生活与情感,to remember,HSK 2.0 Level 3
413,季节,jìjié,名词,科技与环境,season,HSK 2.0 Level 3
414,检查,jiǎnchá,动词,健康与运动,to check; to examine,HSK 2.0 Level 3
415,简单,jiǎndān,形容词,职场与教育,simple; uncomplicated,HSK 2.0 Level 3
416,健康,jiànkāng,形容词,健康与运动,healthy,HSK 2.0 Level 3
417,见面,jiànmiàn,动词,人际交往,to meet; to see each other,HSK 2.0 Level 3
418,讲,jiǎng,动词,职场与教育,to speak; to explain; to tell,HSK 2.0 Level 3
419,教,jiāo,动词,职场与教育,to teach,HSK 2.0 Level 3
420,角,jiǎo,量词,语法功能词,dime; ten cents; corner,HSK 2.0 Level 3
421,脚,jiǎo,名词,健康与运动,foot,HSK 2.0 Level 3
422,接,jiē,动词,人际交往,to meet; to pick up; to receive,HSK 2.0 Level 3
423,街道,jiēdào,名词,旅行与交通,street,HSK 2.0 Level 3
424,结婚,jiéhūn,动词,人际交往,to marry; to get married,HSK 2.0 Level 3
425,结束,jiéshù,动词,职场与教育,to end; to finish,HSK 2.0 Level 3
426,节目,jiémù,名词,消费与休闲,program; show,HSK 2.0 Level 3
427,节日,jiérì,名词,消费与休闲,festival; holiday,HSK 2.0 Level 3
428,解决,jiějué,动词,职场与教育,to solve; to settle,HSK 2.0 Level 3
429,借,jiè,动词,消费与休闲,to borrow; to lend,HSK 2.0 Level 3
430,经常,jīngcháng,副词,语法功能词,often; frequently,HSK 2.0 Level 3
431,经过,jīngguò,动词,旅行与交通,to pass; to go through; through,HSK 2.0 Level 3
432,经理,jīnglǐ,名词,职场与教育,manager,HSK 2.0 Level 3
433,久,jiǔ,形容词,日常生活与情感,for a long time; long,HSK 2.0 Level 3
434,旧,jiù,形容词,日常生活与情感,old; worn; past,HSK 2.0 Level 3
435,举行,jǔxíng,动词,职场与教育,"to hold; to host (a meeting, ceremony)",HSK 2.0 Level 3
436,句子,jùzi,名词,职场与教育,sentence,HSK 2.0 Level 3
437,决定,juédìng,动词,职场与教育,to decide; decision,HSK 2.0 Level 3
438,渴,kě,形容词,日常生活与情感,thirsty,HSK 2.0 Level 3
439,可爱,kě'ài,形容词,日常生活与情感,cute; lovely; amiable,HSK 2.0 Level 3
440,刻,kè,量词,语法功能词,quarter (of an hour),HSK 2.0 Level 3
441,客人,kèrén,名词,人际交往,guest; visitor,HSK 2.0 Level 3
442,空调,kōngtiáo,名词,日常生活与情感,air conditioner,HSK 2.0 Level 3
443,口,kǒu,量词,语法功能词,measure word for family members or mouthfuls,HSK 2.0 Level 3
444,哭,kū,动词,日常生活与情感,to cry; to weep,HSK 2.0 Level 3
445,裤子,kùzi,名词,日常生活与情感,trousers; pants,HSK 2.0 Level 3
446,筷子,kuàizi,名词,日常生活与情感,chopsticks,HSK 2.0 Level 3
447,蓝,lán,形容词,日常生活与情感,blue,HSK 2.0 Level 3
448,老,lǎo,形容词,人际交往,old; aged,HSK 2.0 Level 3
449,离开,líkāi,动词,旅行与交通,to leave; to depart,HSK 2.0 Level 3
450,礼物,lǐwù,名词,人际交往,gift; present,HSK 2.0 Level 3
451,历史,lìshǐ,名词,职场与教育,history,HSK 2.0 Level 3
452,脸,liǎn,名词,健康与运动,face,HSK 2.0 Level 3
453,练习,liànxí,动词,职场与教育,to practice; exercise,HSK 2.0 Level 3
454,辆,liàng,量词,语法功能词,measure word for vehicles,HSK 2.0 Level 3
455,了解,liǎojiě,动词,人际交往,to understand; to know about,HSK 2.0 Level 3
456,邻居,línjū,名词,人际交往,neighbor,HSK 2.0 Level 3
457,楼,lóu,名词,日常生活与情感,building; floor,HSK 2.0 Level 3
458,绿,lǜ,形容词,日常生活与情感,green,HSK 2.0 Level 3
459,马,mǎ,名词,科技与环境,horse,HSK 2.0 Level 3
460,马上,mǎshàng,副词,语法功能词,immediately; at once,HSK 2.0 Level 3
461,满意,mǎnyì,形容词,日常生活与情感,satisfied; pleased,HSK 2.0 Level 3
462,帽子,màozi,名词,日常生活与情感,hat; cap,HSK 2.0 Level 3
463,米,mǐ,名词,旅行与交通,meter,HSK 2.0 Level 3
464,面包,miànbāo,名词,日常生活与情感,bread,HSK 2.0 Level 3
465,面条,miàntiáo,名词,日常生活与情感,noodles,HSK 2.0 Level 3
466,明白,míngbai,动词,职场与教育,to understand; clear,HSK 2.0 Level 3
467,拿,ná,动词,日常生活与情感,to take; to hold,HSK 2.0 Level 3
468,奶奶,nǎinai,名词,日常生活与情感,paternal grandmother; grandma,HSK 2.0 Level 3
469,南,nán,名词,旅行与交通,south,HSK 2.0 Level 3
470,难,nán,形容词,职场与教育,difficult; hard,HSK 2.0 Level 3
471,难过,nánguò,形容词,日常生活与情感,sad; hard to bear,HSK 2.0 Level 3
472,年级,niánjí,名词,职场与教育,grade; year (in school),HSK 2.0 Level 3
473,年轻,niánqīng,形容词,日常生活与情感,young,HSK 2.0 Level 3
474,鸟,niǎo,名词,科技与环境,bird,HSK 2.0 Level 3
475,努力,nǔlì,形容词,职场与教育,hardworking; diligent,HSK 2.0 Level 3
476,爬山,páshān,动词,健康与运动,to climb mountains; hiking,HSK 2.0 Level 3
477,盘子,pánzi,名词,日常生活与情感,plate; tray,HSK 2.0 Level 3
478,胖,pàng,形容词,健康与运动,fat; plump,HSK 2.0 Level 3
479,啤酒,píjiǔ,名词,消费与休闲,beer,HSK 2.0 Level 3
480,葡萄,pútao,名词,日常生活与情感,grape,HSK 2.0 Level 3
481,普通话,pǔtōnghuà,名词,职场与教育,Mandarin Chinese,HSK 2.0 Level 3
482,骑,qí,动词,旅行与交通,"to ride (a bike, horse)",HSK 2.0 Level 3
483,其实,qíshí,副词,语法功能词,actually; in fact,HSK 2.0 Level 3
484,其他,qítā,代词,语法功能词,other; else,HSK 2.0 Level 3
485,奇怪,qíguài,形容词,日常生活与情感,strange; odd,HSK 2.0 Level 3
486,铅笔,qiānbǐ,名词,职场与教育,pencil,HSK 2.0 Level 3
487,清楚,qīngchu,形容词,人际交往,clear; distinct,HSK 2.0 Level 3
488,秋,qiū,名词,科技与环境,autumn; fall,HSK 2.0 Level 3
489,裙子,qúnzi,名词,日常生活与情感,skirt; dress,HSK 2.0 Level 3
490,然后,ránhòu,连词,语法功能词,then; afterwards,HSK 2.0 Level 3
491,热情,rèqíng,形容词,人际交往,enthusiastic; warm,HSK 2.0 Level 3
492,认为,rènwéi,动词,职场与教育,to think; to believe,HSK 2.0 Level 3
493,认真,rènzhēn,形容词,职场与教育,serious; conscientious,HSK 2.0 Level 3
494,容易,róngyì,形容词,职场与教育,easy; simple,HSK 2.0 Level 3
495,如果,rúguǒ,连词,语法功能词,if; in case,HSK 2.0 Level 3
496,伞,sǎn,名词,日常生活与情感,umbrella,HSK 2.0 Level 3
497,上网,shàngwǎng,动词,科技与环境,to surf the internet; to go online,HSK 2.0 Level 3
498,生气,shēngqì,动词,日常生活与情感,to get angry; angry,HSK 2.0 Level 3
499,声音,shēngyīn,名词,日常生活与情感,voice; sound,HSK 2.0 Level 3
500,使,shǐ,动词,语法功能词,to make; to cause; to enable,HSK 2.0 Level 3
501,世界,shìjiè,名词,科技与环境,world,HSK 2.0 Level 3
502,瘦,shòu,形容词,健康与运动,thin; slim,HSK 2.0 Level 3
503,舒服,shūfu,形容词,健康与运动,comfortable,HSK 2.0 Level 3
504,叔叔,shūshu,名词,人际交往,uncle,HSK 2.0 Level 3
505,树,shù,名词,科技与环境,tree,HSK 2.0 Level 3
506,数学,shùxué,名词,职场与教育,mathematics; math,HSK 2.0 Level 3
507,刷牙,shuā yá,动词,健康与运动,to brush one's teeth,HSK 2.0 Level 3
508,双,shuāng,量词,语法功能词,pair; couple,HSK 2.0 Level 3
509,水平,shuǐpíng,名词,职场与教育,level; standard,HSK 2.0 Level 3
510,司机,sījī,名词,旅行与交通,driver,HSK 2.0 Level 3
511,虽然,suīrán,连词,语法功能词,although; though,HSK 2.0 Level 3
512,太阳,tàiyáng,名词,科技与环境,sun,HSK 2.0 Level 3
513,糖,táng,名词,日常生活与情感,sugar; candy,HSK 2.0 Level 3
514,特别,tèbié,副词,语法功能词,especially; special,HSK 2.0 Level 3
515,疼,téng,形容词,健康与运动,painful; sore,HSK 2.0 Level 3
516,提高,tígāo,动词,职场与教育,to improve; to raise,HSK 2.0 Level 3
517,体育,tǐyù,名词,健康与运动,physical education; sports,HSK 2.0 Level 3
518,甜,tián,形容词,日常生活与情感,sweet,HSK 2.0 Level 3
519,条,tiáo,量词,语法功能词,"measure word for long, thin objects",HSK 2.0 Level 3
520,同事,tóngshì,名词,职场与教育,colleague; co-worker,HSK 2.0 Level 3
521,同意,tóngyì,动词,职场与教育,to agree; to consent,HSK 2.0 Level 3
522,头发,tóufa,名词,健康与运动,hair,HSK 2.0 Level 3
523,突然,tūrán,形容词,日常生活与情感,sudden; unexpected; suddenly,HSK 2.0 Level 3
524,图书馆,túshūguǎn,名词,职场与教育,library,HSK 2.0 Level 3
525,腿,tuǐ,名词,健康与运动,leg,HSK 2.0 Level 3
526,完成,wánchéng,动词,职场与教育,to complete; to accomplish,HSK 2.0 Level 3
527,碗,wǎn,名词,日常生活与情感,bowl,HSK 2.0 Level 3
528,万,wàn,数词,语法功能词,ten thousand,HSK 2.0 Level 3
529,忘记,wàngjì,动词,日常生活与情感,to forget,HSK 2.0 Level 3
530,位,wèi,量词,语法功能词,measure word for people (polite),HSK 2.0 Level 3
531,为,wèi,介词,语法功能词,for; because of,HSK 2.0 Level 3
532,为了,wèile,介词,语法功能词,for; for the sake of; in order to,HSK 2.0 Level 3
533,文化,wénhuà,名词,职场与教育,culture; civilization,HSK 2.0 Level 3
534,西,xī,名词,旅行与交通,west,HSK 2.0 Level 3
535,习惯,xíguàn,动词,日常生活与情感,to be used to; habit,HSK 2.0 Level 3
536,洗手间,xǐshǒujiān,名词,日常生活与情感,restroom; toilet,HSK 2.0 Level 3
537,洗澡,xǐzǎo,动词,健康与运动,to take a bath; to shower,HSK 2.0 Level 3
538,夏,xià,名词,科技与环境,summer,HSK 2.0 Level 3
539,先,xiān,副词,语法功能词,first; beforehand,HSK 2.0 Level 3
540,香蕉,xiāngjiāo,名词,日常生活与情感,banana,HSK 2.0 Level 3
541,相同,xiāngtóng,形容词,日常生活与情感,same; identical,HSK 2.0 Level 3
542,相信,xiāngxìn,动词,人际交往,to believe; to trust,HSK 2.0 Level 3
543,像,xiàng,动词,日常生活与情感,to look like; similar to,HSK 2.0 Level 3
544,小心,xiǎoxīn,形容词,健康与运动,careful; cautious,HSK 2.0 Level 3
545,校长,xiàozhǎng,名词,职场与教育,principal; headmaster; chancellor,HSK 2.0 Level 3
546,鞋,xié,名词,日常生活与情感,shoes,HSK 2.0 Level 3
547,新闻,xīnwén,名词,科技与环境,news,HSK 2.0 Level 3
548,新鲜,xīnxiān,形容词,科技与环境,fresh,HSK 2.0 Level 3
549,信,xìn,名词,人际交往,letter; mail,HSK 2.0 Level 3
550,行李箱,xínglixiāng,名词,旅行与交通,suitcase; luggage,HSK 2.0 Level 3
551,兴趣,xìngqù,名词,消费与休闲,interest; hobby,HSK 2.0 Level 3
552,熊猫,xióngmāo,名词,科技与环境,panda,HSK 2.0 Level 3
553,需要,xūyào,动词,日常生活与情感,to need; to require,HSK 2.0 Level 3
554,选择,xuǎnzé,动词,职场与教育,to choose; to select; choice,HSK 2.0 Level 3
555,眼镜,yǎnjìng,名词,健康与运动,glasses; spectacles,HSK 2.0 Level 3
556,要求,yāoqiú,名词,职场与教育,requirement; demand; to request,HSK 2.0 Level 3
557,爷爷,yéye,名词,日常生活与情感,paternal grandfather; grandpa,HSK 2.0 Level 3
558,一定,yídìng,副词,语法功能词,definitely; certainly,HSK 2.0 Level 3
559,一共,yígòng,副词,语法功能词,altogether; in total,HSK 2.0 Level 3
560,一会儿,yíhuìr,名词,日常生活与情感,a moment; a little while,HSK 2.0 Level 3
561,一样,yíyàng,形容词,日常生活与情感,same; alike,HSK 2.0 Level 3
562,以后,yǐhòu,名词,日常生活与情感,after; afterwards; later,HSK 2.0 Level 3
563,以前,yǐqián,名词,日常生活与情感,before; formerly,HSK 2.0 Level 3
564,以为,yǐwéi,动词,日常生活与情感,to think (mistakenly); to assume,HSK 2.0 Level 3
565,一般,yìbān,形容词,日常生活与情感,general; ordinary; usually,HSK 2.0 Level 3
566,一边,yìbiān,副词,语法功能词,simultaneously; on one side,HSK 2.0 Level 3
567,一直,yìzhí,副词,语法功能词,straight; continuously; always,HSK 2.0 Level 3
568,音乐,yīnyuè,名词,消费与休闲,music,HSK 2.0 Level 3
569,银行,yínháng,名词,消费与休闲,bank,HSK 2.0 Level 3
570,应该,yīnggāi,动词,语法功能词,should; ought to,HSK 2.0 Level 3
571,影响,yǐngxiǎng,动词,人际交往,to influence; to affect; impact,HSK 2.0 Level 3
572,用,yòng,动词,日常生活与情感,to use,HSK 2.0 Level 3
573,游戏,yóuxì,名词,消费与休闲,game; play,HSK 2.0 Level 3
574,有名,yǒumíng,形容词,消费与休闲,famous; well-known,HSK 2.0 Level 3
575,又,yòu,副词,语法功能词,again; moreover,HSK 2.0 Level 3
576,遇到,yùdào,动词,人际交往,to meet; to run into; to encounter,HSK 2.0 Level 3
577,愿意,yuànyì,动词,语法功能词,to be willing; to wish,HSK 2.0 Level 3
578,越,yuè,副词,语法功能词,more; to exceed,HSK 2.0 Level 3
579,月亮,yuèliang,名词,科技与环境,moon,HSK 2.0 Level 3
580,云,yún,名词,科技与环境,cloud,HSK 2.0 Level 3
581,站,zhàn,动词,旅行与交通,to stand; station; stop,HSK 2.0 Level 3
582,长,zhǎng,动词,日常生活与情感,to grow; to develop,HSK 2.0 Level 3
583,着急,zháojí,形容词,日常生活与情感,anxious; worried,HSK 2.0 Level 3
584,照顾,zhàogù,动词,人际交往,to look after; to take care of,HSK 2.0 Level 3
585,照片,zhàopiàn,名词,消费与休闲,photo; picture,HSK 2.0 Level 3
586,照相机,zhàoxiàngjī,名词,消费与休闲,camera,HSK 2.0 Level 3
587,中间,zhōngjiān,名词,日常生活与情感,middle; center,HSK 2.0 Level 3
588,终于,zhōngyú,副词,语法功能词,finally; at last,HSK 2.0 Level 3
589,种,zhǒng,量词,语法功能词,kind; type; sort,HSK 2.0 Level 3
590,重要,zhòngyào,形容词,职场与教育,important; significant,HSK 2.0 Level 3
591,周末,zhōumò,名词,消费与休闲,weekend,HSK 2.0 Level 3
592,主要,zhǔyào,形容词,语法功能词,main; principal; chief,HSK 2.0 Level 3
593,祝,zhù,动词,人际交往,to wish; to express good wishes,HSK 2.0 Level 3
594,注意,zhùyì,动词,健康与运动,to pay attention to; to note,HSK 2.0 Level 3
595,字典,zìdiǎn,名词,职场与教育,dictionary,HSK 2.0 Level 3
596,自己,zìjǐ,代词,语法功能词,oneself; own,HSK 2.0 Level 3
597,总是,zǒngshì,副词,语法功能词,always,HSK 2.0 Level 3
598,最近,zuìjìn,名词,日常生活与情感,recently; lately,HSK 2.0 Level 3
599,作业,zuòyè,名词,职场与教育,homework; school assignment,HSK 2.0 Level 3
600,作用,zuòyòng,名词,科技与环境,effect; function; role,HSK 2.0 Level 3
601,过（动）,guò,动词,日常生活与情感,to spend (time); to cross; to pass,HSK 2.0 Level 4
602,爱情,àiqíng,名词,日常生活与情感,love; romance,HSK 2.0 Level 4
603,安排,ānpái,动词,职场与教育,to arrange; to plan,HSK 2.0 Level 4
604,安全,ānquán,形容词,科技与环境,safe; secure,HSK 2.0 Level 4
605,暗,àn,形容词,科技与环境,dark; dim,HSK 2.0 Level 4
606,按时,ànshí,副词,语法功能词,on time; on schedule,HSK 2.0 Level 4
607,按照,ànzhào,介词,语法功能词,according to; in accordance with,HSK 2.0 Level 4
608,包括,bāokuò,动词,语法功能词,to include; to consist of,HSK 2.0 Level 4
609,保护,bǎohù,动词,科技与环境,to protect; to defend,HSK 2.0 Level 4
610,保证,bǎozhèng,动词,职场与教育,to guarantee; to ensure,HSK 2.0 Level 4
611,抱,bào,动词,日常生活与情感,to hug; to hold in arms,HSK 2.0 Level 4
612,抱歉,bàoqiàn,形容词,人际交往,sorry; apologetic,HSK 2.0 Level 4
613,报道,bàodào,动词,科技与环境,to report; news report,HSK 2.0 Level 4
614,报名,bàomíng,动词,职场与教育,to sign up; to register,HSK 2.0 Level 4
615,倍,bèi,量词,语法功能词,times; -fold,HSK 2.0 Level 4
616,本来,běnlái,副词,语法功能词,originally; at first,HSK 2.0 Level 4
617,笨,bèn,形容词,日常生活与情感,stupid; foolish,HSK 2.0 Level 4
618,笔记本,bǐjìběn,名词,科技与环境,notebook; laptop,HSK 2.0 Level 4
619,毕业,bìyè,动词,职场与教育,to graduate,HSK 2.0 Level 4
620,遍,biàn,量词,语法功能词,time (measure word for actions from beginning to end),HSK 2.0 Level 4
621,标准,biāozhǔn,名词,职场与教育,standard; criterion,HSK 2.0 Level 4
622,表达,biǎodá,动词,人际交往,to express; to voice,HSK 2.0 Level 4
623,表格,biǎogé,名词,职场与教育,form; table; chart,HSK 2.0 Level 4
624,表扬,biǎoyáng,动词,职场与教育,to praise; to commend,HSK 2.0 Level 4
625,饼干,bǐnggān,名词,日常生活与情感,biscuit; cookie,HSK 2.0 Level 4
626,并且,bìngqiě,连词,语法功能词,and; besides; moreover,HSK 2.0 Level 4
627,博士,bóshì,名词,职场与教育,doctor; PhD,HSK 2.0 Level 4
628,不但,búdàn,连词,语法功能词,not only,HSK 2.0 Level 4
629,不过,búguò,连词,语法功能词,but; however,HSK 2.0 Level 4
630,不得不,bùdébù,副词,语法功能词,have no choice but to; have to,HSK 2.0 Level 4
631,不管,bùguǎn,连词,语法功能词,no matter; regardless of,HSK 2.0 Level 4
632,不仅,bùjǐn,连词,语法功能词,not only; not just,HSK 2.0 Level 4
633,部分,bùfen,名词,语法功能词,part; section,HSK 2.0 Level 4
634,擦,cā,动词,日常生活与情感,to wipe; to erase,HSK 2.0 Level 4
635,猜,cāi,动词,日常生活与情感,to guess,HSK 2.0 Level 4
636,材料,cáiliào,名词,职场与教育,material; data,HSK 2.0 Level 4
637,参观,cānguān,动词,消费与休闲,to visit; to look around,HSK 2.0 Level 4
638,差不多,chàbuduō,形容词,日常生活与情感,almost; nearly; about the same,HSK 2.0 Level 4
639,尝,cháng,动词,日常生活与情感,to taste,HSK 2.0 Level 4
640,长城,Chángchéng,名词,旅行与交通,the Great Wall,HSK 2.0 Level 4
641,长江,Cháng Jiāng,名词,科技与环境,the Yangtze River,HSK 2.0 Level 4
642,场,chǎng,量词,语法功能词,"measure word for events, games, or movies",HSK 2.0 Level 4
643,超过,chāoguò,动词,科技与环境,to exceed; to surpass,HSK 2.0 Level 4
644,吵,chǎo,形容词,日常生活与情感,noisy; to make a noise,HSK 2.0 Level 4
645,成功,chénggōng,动词,职场与教育,to succeed; successful,HSK 2.0 Level 4
646,成熟,chéngshú,形容词,日常生活与情感,mature; ripe,HSK 2.0 Level 4
647,成为,chéngwéi,动词,日常生活与情感,to become; to turn into,HSK 2.0 Level 4
648,诚实,chéngshí,形容词,人际交往,honest,HSK 2.0 Level 4
649,乘坐,chéngzuò,动词,旅行与交通,to ride; to take (a vehicle),HSK 2.0 Level 4
650,吃惊,chījīng,动词,日常生活与情感,to be startled; to be shocked,HSK 2.0 Level 4
651,重新,chóngxīn,副词,语法功能词,again; anew,HSK 2.0 Level 4
652,抽烟,chōuyān,动词,健康与运动,to smoke,HSK 2.0 Level 4
653,出差,chūchāi,动词,职场与教育,to go on a business trip,HSK 2.0 Level 4
654,出发,chūfā,动词,旅行与交通,to set out; to start off,HSK 2.0 Level 4
655,出生,chūshēng,动词,日常生活与情感,to be born,HSK 2.0 Level 4
656,传真,chuánzhēn,名词,科技与环境,fax,HSK 2.0 Level 4
657,窗户,chuānghu,名词,日常生活与情感,window,HSK 2.0 Level 4
658,词典,cídiǎn,名词,职场与教育,dictionary,HSK 2.0 Level 4
659,从来,cónglái,副词,语法功能词,always; all along (usually in negative),HSK 2.0 Level 4
660,粗心,cūxīn,形容词,日常生活与情感,careless; thoughtless,HSK 2.0 Level 4
661,答案,dá'àn,名词,职场与教育,answer; solution,HSK 2.0 Level 4
662,打扮,dǎban,动词,日常生活与情感,to dress up; to deck out,HSK 2.0 Level 4
663,打扰,dǎrǎo,动词,人际交往,to disturb; to trouble,HSK 2.0 Level 4
664,打印,dǎyìn,动词,职场与教育,to print,HSK 2.0 Level 4
665,打折,dǎzhé,动词,消费与休闲,to give a discount,HSK 2.0 Level 4
666,打针,dǎzhēn,动词,健康与运动,to give or receive an injection,HSK 2.0 Level 4
667,大概,dàgài,副词,语法功能词,probably; roughly,HSK 2.0 Level 4
668,大使馆,dàshǐguǎn,名词,旅行与交通,embassy,HSK 2.0 Level 4
669,大约,dàyuē,副词,语法功能词,approximately; about,HSK 2.0 Level 4
670,戴,dài,动词,日常生活与情感,"to wear (accessories, hat, glasses)",HSK 2.0 Level 4
671,代表,dàibiǎo,动词,职场与教育,to represent; representative,HSK 2.0 Level 4
672,代替,dàitì,动词,职场与教育,to replace; to substitute,HSK 2.0 Level 4
673,大夫,dàifu,名词,健康与运动,doctor; medical practitioner,HSK 2.0 Level 4
674,当,dāng,动词,职场与教育,to serve as; to be,HSK 2.0 Level 4
675,当地,dāngdì,名词,旅行与交通,local; locality,HSK 2.0 Level 4
676,当时,dāngshí,名词,日常生活与情感,at that time; then,HSK 2.0 Level 4
677,刀,dāo,名词,日常生活与情感,knife,HSK 2.0 Level 4
678,导游,dǎoyóu,名词,旅行与交通,tour guide,HSK 2.0 Level 4
679,到处,dàochù,副词,语法功能词,everywhere,HSK 2.0 Level 4
680,到底,dàodǐ,副词,语法功能词,in the end; after all,HSK 2.0 Level 4
681,道歉,dàoqiàn,动词,人际交往,to apologize,HSK 2.0 Level 4
682,得意,déyì,形容词,日常生活与情感,proud of oneself; complacent,HSK 2.0 Level 4
683,得,děi,助词,语法功能词,(particle used after a verb to express possibility),HSK 2.0 Level 4
684,等（助）,děng,助词,语法功能词,and so on; etc.,HSK 2.0 Level 4
685,底,dǐ,名词,日常生活与情感,bottom; end of a year or month,HSK 2.0 Level 4
686,地球,dìqiú,名词,科技与环境,Earth,HSK 2.0 Level 4
687,地址,dìzhǐ,名词,人际交往,address,HSK 2.0 Level 4
688,掉,diào,动词,日常生活与情感,to fall; to drop; to lose,HSK 2.0 Level 4
689,调查,diàochá,动词,职场与教育,to investigate; survey,HSK 2.0 Level 4
690,丢,diū,动词,日常生活与情感,to lose; to throw away,HSK 2.0 Level 4
691,动作,dòngzuò,名词,健康与运动,movement; action,HSK 2.0 Level 4
692,堵车,dǔchē,动词,旅行与交通,traffic jam,HSK 2.0 Level 4
693,肚子,dùzi,名词,健康与运动,belly; stomach,HSK 2.0 Level 4
694,断,duàn,动词,日常生活与情感,to break; to snap; to cut off,HSK 2.0 Level 4
695,对（介）,duì,介词,语法功能词,to; towards; with regard to,HSK 2.0 Level 4
696,对话,duìhuà,名词,人际交往,dialogue; conversation,HSK 2.0 Level 4
697,对面,duìmiàn,名词,日常生活与情感,opposite side; across,HSK 2.0 Level 4
698,顿,dùn,量词,语法功能词,measure word for meals or scoldings,HSK 2.0 Level 4
699,朵,duǒ,量词,语法功能词,measure word for flowers or clouds,HSK 2.0 Level 4
700,而,ér,连词,语法功能词,and; but; while,HSK 2.0 Level 4
701,儿童,értóng,名词,日常生活与情感,children; child,HSK 2.0 Level 4
702,发,fā,动词,科技与环境,to send; to issue; to emit,HSK 2.0 Level 4
703,发生,fāshēng,动词,科技与环境,to happen; to occur,HSK 2.0 Level 4
704,发展,fāzhǎn,动词,科技与环境,to develop; development,HSK 2.0 Level 4
705,法律,fǎlǜ,名词,职场与教育,law,HSK 2.0 Level 4
706,翻译,fānyì,动词,职场与教育,to translate; to interpret; translator,HSK 2.0 Level 4
707,烦恼,fánnǎo,形容词,日常生活与情感,worried; annoyed; vexed,HSK 2.0 Level 4
708,反对,fǎnduì,动词,人际交往,to oppose; to object,HSK 2.0 Level 4
709,反映,fǎnyìng,动词,日常生活与情感,to reflect; to mirror,HSK 2.0 Level 4
710,范围,fànwéi,名词,语法功能词,scope; range; limits,HSK 2.0 Level 4
711,方法,fāngfǎ,名词,职场与教育,method; way,HSK 2.0 Level 4
712,方面,fāngmiàn,名词,语法功能词,aspect; side; field,HSK 2.0 Level 4
713,方向,fāngxiàng,名词,旅行与交通,direction; orientation,HSK 2.0 Level 4
714,访问,fǎngwèn,动词,人际交往,to visit; to interview,HSK 2.0 Level 4
715,放弃,fàngqì,动词,日常生活与情感,to give up; to abandon,HSK 2.0 Level 4
716,放暑假,fàng shǔjià,动词,职场与教育,to have summer vacation,HSK 2.0 Level 4
717,…分之…,fēnzhī,数词,语法功能词,fraction; percent,HSK 2.0 Level 4
718,份,fèn,量词,语法功能词,"measure word for publications, reports, or portions",HSK 2.0 Level 4
719,丰富,fēngfù,形容词,日常生活与情感,abundant; rich; plentiful,HSK 2.0 Level 4
720,风景,fēngjǐng,名词,旅行与交通,scenery; landscape,HSK 2.0 Level 4
721,否则,fǒuzé,连词,语法功能词,otherwise; or else,HSK 2.0 Level 4
722,符合,fúhé,动词,语法功能词,to accord with; to conform to,HSK 2.0 Level 4
723,富,fù,形容词,消费与休闲,rich; wealthy,HSK 2.0 Level 4
724,父亲,fùqīn,名词,日常生活与情感,father,HSK 2.0 Level 4
725,复印,fùyìn,动词,职场与教育,to photocopy; to duplicate,HSK 2.0 Level 4
726,复杂,fùzá,形容词,日常生活与情感,complex; complicated,HSK 2.0 Level 4
727,负责,fùzé,动词,职场与教育,to be responsible for; in charge,HSK 2.0 Level 4
728,改变,gǎibiàn,动词,日常生活与情感,to change; to alter,HSK 2.0 Level 4
729,干杯,gānbēi,动词,日常生活与情感,to drink a toast; cheers,HSK 2.0 Level 4
730,干燥,gānzào,形容词,科技与环境,dry; arid,HSK 2.0 Level 4
731,感动,gǎndòng,动词,日常生活与情感,to move (emotionally); touched,HSK 2.0 Level 4
732,感觉,gǎnjué,动词,日常生活与情感,to feel; feeling; perception,HSK 2.0 Level 4
733,感情,gǎnqíng,名词,日常生活与情感,emotion; feeling; affection,HSK 2.0 Level 4
734,感谢,gǎnxiè,动词,人际交往,to thank; to be grateful,HSK 2.0 Level 4
735,干,gàn,动词,职场与教育,to do; to work,HSK 2.0 Level 4
736,刚刚,gānggāng,副词,语法功能词,just; just now,HSK 2.0 Level 4
737,高级,gāojí,形容词,消费与休闲,high-class; advanced,HSK 2.0 Level 4
738,各,gè,代词,语法功能词,each; every; various,HSK 2.0 Level 4
739,个子,gèzi,名词,日常生活与情感,height; stature,HSK 2.0 Level 4
740,公里,gōnglǐ,量词,语法功能词,kilometer,HSK 2.0 Level 4
741,工具,gōngjù,名词,科技与环境,tool; instrument,HSK 2.0 Level 4
742,工资,gōngzī,名词,职场与教育,salary; wages,HSK 2.0 Level 4
743,共同,gòngtóng,形容词,人际交往,common; shared,HSK 2.0 Level 4
744,够,gòu,动词,消费与休闲,to be enough; sufficient,HSK 2.0 Level 4
745,购物,gòuwù,动词,消费与休闲,to go shopping,HSK 2.0 Level 4
746,孤单,gūdān,形容词,日常生活与情感,lonely; solitary,HSK 2.0 Level 4
747,估计,gūjì,动词,日常生活与情感,to estimate; to reckon,HSK 2.0 Level 4
748,鼓励,gǔlì,动词,人际交往,to encourage; to urge,HSK 2.0 Level 4
749,鼓掌,gǔzhǎng,动词,消费与休闲,to applaud; to clap,HSK 2.0 Level 4
750,顾客,gùkè,名词,消费与休闲,customer; client,HSK 2.0 Level 4
751,故意,gùyì,副词,语法功能词,intentionally; on purpose,HSK 2.0 Level 4
752,挂,guà,动词,日常生活与情感,to hang; to put up,HSK 2.0 Level 4
753,关键,guānjiàn,名词,语法功能词,key point; crucial; key,HSK 2.0 Level 4
754,观众,guānzhòng,名词,消费与休闲,audience; spectator,HSK 2.0 Level 4
755,管理,guǎnlǐ,动词,职场与教育,to manage; to administer,HSK 2.0 Level 4
756,光,guāng,名词,科技与环境,light; ray; only,HSK 2.0 Level 4
757,广播,guǎngbō,名词,科技与环境,broadcast; radio program,HSK 2.0 Level 4
758,广告,guǎnggào,名词,消费与休闲,advertisement; ad,HSK 2.0 Level 4
759,逛,guàng,动词,消费与休闲,to stroll; to wander,HSK 2.0 Level 4
760,规定,guīdìng,名词,职场与教育,regulation; rule; to stipulate,HSK 2.0 Level 4
761,国际,guójì,形容词,旅行与交通,international,HSK 2.0 Level 4
762,果然,guǒrán,副词,语法功能词,as expected; sure enough,HSK 2.0 Level 4
763,过程,guòchéng,名词,语法功能词,process; course of events,HSK 2.0 Level 4
764,海洋,hǎiyáng,名词,科技与环境,ocean; sea,HSK 2.0 Level 4
765,害羞,hàixiū,形容词,日常生活与情感,shy; bashful,HSK 2.0 Level 4
766,寒假,hánjià,名词,职场与教育,winter vacation,HSK 2.0 Level 4
767,汗,hàn,名词,健康与运动,sweat; perspiration,HSK 2.0 Level 4
768,航班,hángbān,名词,旅行与交通,scheduled flight; flight,HSK 2.0 Level 4
769,好处,hǎochu,名词,日常生活与情感,benefit; advantage,HSK 2.0 Level 4
770,好像,hǎoxiàng,副词,语法功能词,as if; to seem like,HSK 2.0 Level 4
771,号码,hàomǎ,名词,科技与环境,number,HSK 2.0 Level 4
772,合格,hégé,形容词,职场与教育,qualified; up to standard,HSK 2.0 Level 4
773,合适,héshì,形容词,日常生活与情感,suitable; fitting,HSK 2.0 Level 4
774,盒子,hézi,名词,日常生活与情感,box; case,HSK 2.0 Level 4
775,猴子,hóuzi,名词,科技与环境,monkey,HSK 2.0 Level 4
776,厚,hòu,形容词,日常生活与情感,thick,HSK 2.0 Level 4
777,后悔,hòuhuǐ,动词,日常生活与情感,to regret,HSK 2.0 Level 4
778,后来,hòulái,名词,日常生活与情感,afterwards; later on,HSK 2.0 Level 4
779,忽然,hūrán,副词,语法功能词,suddenly; all of a sudden,HSK 2.0 Level 4
780,护士,hùshi,名词,健康与运动,nurse,HSK 2.0 Level 4
781,互相,hùxiāng,副词,语法功能词,mutually; each other,HSK 2.0 Level 4
782,怀疑,huáiyí,动词,日常生活与情感,to doubt; to suspect,HSK 2.0 Level 4
783,回忆,huíyì,动词,日常生活与情感,to recall; to remember; memory,HSK 2.0 Level 4
784,活动,huódòng,名词,健康与运动,activity; event,HSK 2.0 Level 4
785,活泼,huópō,形容词,日常生活与情感,lively; active; vivacious,HSK 2.0 Level 4
786,火,huǒ,形容词,日常生活与情感,angry; popular; fire,HSK 2.0 Level 4
787,获得,huòdé,动词,职场与教育,to obtain; to acquire; to win,HSK 2.0 Level 4
788,基础,jīchǔ,名词,职场与教育,foundation; base; basis,HSK 2.0 Level 4
789,激动,jīdòng,形容词,日常生活与情感,excited; thrilled,HSK 2.0 Level 4
790,积极,jījí,形容词,职场与教育,positive; active; enthusiastic,HSK 2.0 Level 4
791,积累,jīlěi,动词,职场与教育,to accumulate; accumulation,HSK 2.0 Level 4
792,极其,jíqí,副词,语法功能词,extremely; exceedingly,HSK 2.0 Level 4
793,集合,jíhé,动词,人际交往,to gather; to assemble,HSK 2.0 Level 4
794,及时,jíshí,形容词,日常生活与情感,timely; in time; promptly,HSK 2.0 Level 4
795,即使,jíshǐ,连词,语法功能词,even if; even though,HSK 2.0 Level 4
796,寄,jì,动词,人际交往,to mail; to post; to send,HSK 2.0 Level 4
797,记者,jìzhě,名词,职场与教育,reporter; journalist,HSK 2.0 Level 4
798,计划,jìhuà,动词,职场与教育,to plan; project,HSK 2.0 Level 4
799,既然,jìrán,连词,语法功能词,since; as; now that,HSK 2.0 Level 4
800,技术,jìshù,名词,科技与环境,technology; skill,HSK 2.0 Level 4
801,继续,jìxù,动词,职场与教育,to continue; to go on,HSK 2.0 Level 4
802,家具,jiājù,名词,日常生活与情感,furniture,HSK 2.0 Level 4
803,加班,jiābān,动词,职场与教育,to work overtime,HSK 2.0 Level 4
804,加油站,jiāyóuzhàn,名词,旅行与交通,gas station; petrol station,HSK 2.0 Level 4
805,假,jiǎ,形容词,日常生活与情感,false; fake; artificial,HSK 2.0 Level 4
806,价格,jiàgé,名词,消费与休闲,price,HSK 2.0 Level 4
807,坚持,jiānchí,动词,职场与教育,to persist; to insist on,HSK 2.0 Level 4
808,减肥,jiǎnféi,动词,健康与运动,to lose weight,HSK 2.0 Level 4
809,减少,jiǎnshǎo,动词,科技与环境,to reduce; to decrease,HSK 2.0 Level 4
810,将来,jiānglái,名词,日常生活与情感,future,HSK 2.0 Level 4
811,奖金,jiǎngjīn,名词,职场与教育,bonus; award money,HSK 2.0 Level 4
812,降低,jiàngdī,动词,科技与环境,to lower; to reduce; to decrease,HSK 2.0 Level 4
813,交,jiāo,动词,人际交往,to hand over; to make (friends),HSK 2.0 Level 4
814,交流,jiāoliú,动词,人际交往,to communicate; to exchange (ideas),HSK 2.0 Level 4
815,交通,jiāotōng,名词,旅行与交通,traffic; transportation,HSK 2.0 Level 4
816,骄傲,jiāo'ào,形容词,日常生活与情感,proud; arrogant,HSK 2.0 Level 4
817,饺子,jiǎozi,名词,日常生活与情感,dumpling,HSK 2.0 Level 4
818,教授,jiàoshòu,名词,职场与教育,professor,HSK 2.0 Level 4
819,教育,jiàoyù,名词,职场与教育,education; to educate,HSK 2.0 Level 4
820,接受,jiēshòu,动词,人际交往,to accept; to receive,HSK 2.0 Level 4
821,结果,jiéguǒ,名词,语法功能词,result; outcome,HSK 2.0 Level 4
822,节约,jiéyuē,动词,科技与环境,to save; to economize,HSK 2.0 Level 4
823,解释,jiěshì,动词,职场与教育,to explain; to interpret,HSK 2.0 Level 4
824,尽管,jǐnguǎn,连词,语法功能词,although; even though; feel free to,HSK 2.0 Level 4
825,紧张,jǐnzhāng,形容词,日常生活与情感,nervous; tense,HSK 2.0 Level 4
826,进行,jìnxíng,动词,职场与教育,to carry out; to conduct,HSK 2.0 Level 4
827,禁止,jìnzhǐ,动词,语法功能词,to forbid; to prohibit,HSK 2.0 Level 4
828,精彩,jīngcǎi,形容词,消费与休闲,wonderful; splendid; brilliant,HSK 2.0 Level 4
829,精神,jīngshén,名词,健康与运动,spirit; mind; energy,HSK 2.0 Level 4
830,经济,jīngjì,名词,职场与教育,economy; economics,HSK 2.0 Level 4
831,经历,jīnglì,动词,日常生活与情感,to experience; experience,HSK 2.0 Level 4
832,经验,jīngyàn,名词,职场与教育,experience,HSK 2.0 Level 4
833,京剧,jīngjù,名词,消费与休闲,Beijing Opera,HSK 2.0 Level 4
834,警察,jǐngchá,名词,日常生活与情感,police; policeman,HSK 2.0 Level 4
835,竟然,jìngrán,副词,语法功能词,unexpectedly; to one's surprise,HSK 2.0 Level 4
836,竞争,jìngzhēng,动词,职场与教育,to compete; competition,HSK 2.0 Level 4
837,镜子,jìngzi,名词,日常生活与情感,mirror,HSK 2.0 Level 4
838,究竟,jiūjìng,副词,语法功能词,after all; exactly; actually,HSK 2.0 Level 4
839,举办,jǔbàn,动词,职场与教育,to hold; to run (an event),HSK 2.0 Level 4
840,拒绝,jùjué,动词,人际交往,to refuse; to decline,HSK 2.0 Level 4
841,距离,jùlí,名词,旅行与交通,distance; to be at a distance from,HSK 2.0 Level 4
842,开玩笑,kāi wánxiào,动词,人际交往,to joke; to make fun of,HSK 2.0 Level 4
843,看法,kànfǎ,名词,日常生活与情感,view; opinion; point of view,HSK 2.0 Level 4
844,考虑,kǎolǜ,动词,职场与教育,to consider; to think over,HSK 2.0 Level 4
845,棵,kē,量词,语法功能词,measure word for trees or plants,HSK 2.0 Level 4
846,科学,kēxué,名词,科技与环境,science; scientific,HSK 2.0 Level 4
847,咳嗽,késou,动词,健康与运动,to cough,HSK 2.0 Level 4
848,可怜,kělián,形容词,日常生活与情感,pitiful; pathetic,HSK 2.0 Level 4
849,可是,kěshì,连词,语法功能词,but; however,HSK 2.0 Level 4
850,可惜,kěxī,形容词,日常生活与情感,it is a pity; regrettable,HSK 2.0 Level 4
851,肯定,kěndìng,副词,语法功能词,certainly; definitely; to confirm,HSK 2.0 Level 4
852,空气,kōngqì,名词,科技与环境,air,HSK 2.0 Level 4
853,恐怕,kǒngpà,副词,语法功能词,perhaps; I am afraid that,HSK 2.0 Level 4
854,苦,kǔ,形容词,日常生活与情感,bitter; miserable,HSK 2.0 Level 4
855,宽,kuān,形容词,日常生活与情感,wide; broad,HSK 2.0 Level 4
856,困,kùn,形容词,健康与运动,sleepy; tired,HSK 2.0 Level 4
857,困难,kùnnan,名词,职场与教育,difficulty; difficult,HSK 2.0 Level 4
858,扩大,kuòdà,动词,科技与环境,to expand; to enlarge,HSK 2.0 Level 4
859,拉,lā,动词,日常生活与情感,to pull; to drag,HSK 2.0 Level 4
860,垃圾桶,lājītǒng,名词,科技与环境,trash can; dustbin,HSK 2.0 Level 4
861,辣,là,形容词,日常生活与情感,spicy; hot,HSK 2.0 Level 4
862,来不及,láibují,动词,旅行与交通,there is not enough time to; too late,HSK 2.0 Level 4
863,来得及,láidejí,动词,旅行与交通,there is still time to; can make it,HSK 2.0 Level 4
864,懒,lǎn,形容词,日常生活与情感,lazy,HSK 2.0 Level 4
865,浪费,làngfèi,动词,消费与休闲,to waste; to squander,HSK 2.0 Level 4
866,浪漫,làngmàn,形容词,日常生活与情感,romantic,HSK 2.0 Level 4
867,老虎,lǎohǔ,名词,科技与环境,tiger,HSK 2.0 Level 4
868,冷静,lěngjìng,形容词,日常生活与情感,calm; cool-headed,HSK 2.0 Level 4
869,理发,lǐfà,动词,日常生活与情感,to get a haircut; hairdressing,HSK 2.0 Level 4
870,理解,lǐjiě,动词,人际交往,to understand; to comprehend,HSK 2.0 Level 4
871,理想,lǐxiǎng,名词,职场与教育,ideal; aspiration,HSK 2.0 Level 4
872,礼貌,lǐmào,名词,人际交往,politeness; manners; polite,HSK 2.0 Level 4
873,厉害,lìhai,形容词,日常生活与情感,severe; terrible; awesome,HSK 2.0 Level 4
874,力气,lìqi,名词,健康与运动,strength; physical strength,HSK 2.0 Level 4
875,例如,lìrú,动词,语法功能词,for example; for instance,HSK 2.0 Level 4
876,俩,liǎ,数词,语法功能词,two; both,HSK 2.0 Level 4
877,连,lián,介词,语法功能词,even; to connect,HSK 2.0 Level 4
878,联系,liánxì,动词,人际交往,to contact; to get in touch with,HSK 2.0 Level 4
879,凉快,liángkuai,形容词,科技与环境,cool; pleasantly cool,HSK 2.0 Level 4
880,亮,liàng,形容词,科技与环境,bright; light; to shine,HSK 2.0 Level 4
881,聊天,liáotiān,动词,人际交往,to chat; to gossip,HSK 2.0 Level 4
882,另外,lìngwài,代词,语法功能词,besides; in addition; other,HSK 2.0 Level 4
883,留,liú,动词,旅行与交通,to stay; to remain; to keep,HSK 2.0 Level 4
884,留学,liúxué,动词,职场与教育,to study abroad,HSK 2.0 Level 4
885,流泪,liúlèi,动词,日常生活与情感,to shed tears; to cry,HSK 2.0 Level 4
886,流利,liúlì,形容词,职场与教育,fluent,HSK 2.0 Level 4
887,流行,liúxíng,形容词,消费与休闲,popular; fashionable,HSK 2.0 Level 4
888,乱,luàn,形容词,日常生活与情感,messy; chaotic; in a mess,HSK 2.0 Level 4
889,律师,lǜshī,名词,职场与教育,lawyer,HSK 2.0 Level 4
890,麻烦,máfan,形容词,日常生活与情感,troublesome; to trouble,HSK 2.0 Level 4
891,马虎,mǎhu,形容词,职场与教育,careless; sloppy,HSK 2.0 Level 4
892,满,mǎn,形容词,日常生活与情感,full; packed,HSK 2.0 Level 4
893,毛巾,máojīn,名词,日常生活与情感,towel,HSK 2.0 Level 4
894,美丽,měilì,形容词,科技与环境,beautiful; lovely,HSK 2.0 Level 4
895,梦,mèng,名词,日常生活与情感,dream,HSK 2.0 Level 4
896,密码,mìmǎ,名词,科技与环境,password; pin number,HSK 2.0 Level 4
897,免费,miǎnfèi,形容词,消费与休闲,free of charge; free,HSK 2.0 Level 4
898,民族,mínzú,名词,人际交往,nation; nationality; ethnic group,HSK 2.0 Level 4
899,母亲,mǔqīn,名词,日常生活与情感,mother,HSK 2.0 Level 4
900,目的,mùdì,名词,职场与教育,purpose; aim; goal,HSK 2.0 Level 4
901,耐心,nàixīn,名词,人际交往,patience; patient,HSK 2.0 Level 4
902,难道,nándào,副词,语法功能词,could it be that; (rhetorical question marker),HSK 2.0 Level 4
903,难受,nánshòu,形容词,健康与运动,uncomfortable; feeling unwell,HSK 2.0 Level 4
904,内,nèi,名词,语法功能词,inside; within,HSK 2.0 Level 4
905,内容,nèiróng,名词,职场与教育,content; substance,HSK 2.0 Level 4
906,能力,nénglì,名词,职场与教育,ability; capability,HSK 2.0 Level 4
907,年龄,niánlíng,名词,日常生活与情感,age,HSK 2.0 Level 4
908,农村,nóngcūn,名词,科技与环境,countryside; rural area,HSK 2.0 Level 4
909,弄,nòng,动词,日常生活与情感,to do; to make; to manage,HSK 2.0 Level 4
910,暖和,nuǎnhuo,形容词,科技与环境,warm; cozy,HSK 2.0 Level 4
911,偶尔,ǒu'ěr,副词,语法功能词,occasionally; once in a while,HSK 2.0 Level 4
912,排列,páiliè,动词,职场与教育,to arrange; to align; permutation,HSK 2.0 Level 4
913,判断,pànduàn,动词,职场与教育,to judge; to decide; judgment,HSK 2.0 Level 4
914,陪,péi,动词,人际交往,to accompany; to keep company,HSK 2.0 Level 4
915,批评,pīpíng,动词,职场与教育,to criticize; criticism,HSK 2.0 Level 4
916,皮肤,pífū,名词,健康与运动,skin,HSK 2.0 Level 4
917,脾气,píqi,名词,日常生活与情感,temper; disposition,HSK 2.0 Level 4
918,篇,piān,量词,语法功能词,"measure word for articles, essays, or sheets",HSK 2.0 Level 4
919,骗,piàn,动词,人际交往,to cheat; to deceive; to fool,HSK 2.0 Level 4
920,乒乓球,pīngpāngqiú,名词,健康与运动,table tennis; ping-pong,HSK 2.0 Level 4
921,平时,píngshí,名词,日常生活与情感,ordinarily; in normal times,HSK 2.0 Level 4
922,瓶子,píngzi,名词,日常生活与情感,bottle; flask,HSK 2.0 Level 4
923,破,pò,形容词,日常生活与情感,broken; torn; damaged,HSK 2.0 Level 4
924,普遍,pǔbiàn,形容词,科技与环境,common; universal; general,HSK 2.0 Level 4
925,其次,qícì,代词,语法功能词,secondly; next,HSK 2.0 Level 4
926,其中,qízhōng,代词,语法功能词,among which; in which; of which,HSK 2.0 Level 4
927,起飞,qǐfēi,动词,旅行与交通,to take off (airplane),HSK 2.0 Level 4
928,起来,qǐlái,动词,语法功能词,to stand up; (indicating start or upward movement),HSK 2.0 Level 4
929,气候,qìhòu,名词,科技与环境,climate,HSK 2.0 Level 4
930,千万,qiānwàn,副词,语法功能词,by all means; must; ten million,HSK 2.0 Level 4
931,签证,qiānzhèng,名词,旅行与交通,visa,HSK 2.0 Level 4
932,墙,qiáng,名词,日常生活与情感,wall,HSK 2.0 Level 4
933,敲,qiāo,动词,日常生活与情感,to knock; to beat; to strike,HSK 2.0 Level 4
934,桥,qiáo,名词,旅行与交通,bridge,HSK 2.0 Level 4
935,巧克力,qiǎokèlì,名词,日常生活与情感,chocolate,HSK 2.0 Level 4
936,亲戚,qīnqi,名词,人际交往,relative; relation,HSK 2.0 Level 4
937,轻,qīng,形容词,日常生活与情感,light (weight); gentle,HSK 2.0 Level 4
938,轻松,qīngsōng,形容词,健康与运动,relaxed; easy,HSK 2.0 Level 4
939,情况,qíngkuàng,名词,日常生活与情感,situation; condition; state,HSK 2.0 Level 4
940,请假,qǐngjià,动词,职场与教育,to ask for leave,HSK 2.0 Level 4
941,请客,qǐngkè,动词,消费与休闲,to stand treat; to invite guests,HSK 2.0 Level 4
942,穷,qióng,形容词,消费与休闲,poor; impoverished,HSK 2.0 Level 4
943,区别,qūbié,名词,职场与教育,difference; to distinguish,HSK 2.0 Level 4
944,取,qǔ,动词,消费与休闲,to take; to fetch; to get,HSK 2.0 Level 4
945,全部,quánbù,形容词,语法功能词,all; whole; entire,HSK 2.0 Level 4
946,缺点,quēdiǎn,名词,日常生活与情感,shortcoming; weakness; flaw,HSK 2.0 Level 4
947,缺少,quēshǎo,动词,日常生活与情感,to lack; to be short of,HSK 2.0 Level 4
948,却,què,副词,语法功能词,but; yet; however,HSK 2.0 Level 4
949,确实,quèshí,副词,语法功能词,indeed; really; truly,HSK 2.0 Level 4
950,群,qún,量词,语法功能词,group; crowd; flock,HSK 2.0 Level 4
951,然而,rán'ér,连词,语法功能词,however; yet; but,HSK 2.0 Level 4
952,热闹,rènao,形容词,消费与休闲,lively; bustling; bustling with noise,HSK 2.0 Level 4
953,人民币,rénmínbì,名词,消费与休闲,Renminbi; RMB,HSK 2.0 Level 4
954,任何,rènhé,代词,语法功能词,any; whichever; whatever,HSK 2.0 Level 4
955,任务,rènwu,名词,职场与教育,task; mission; assignment,HSK 2.0 Level 4
956,扔,rēng,动词,科技与环境,to throw; to toss,HSK 2.0 Level 4
957,仍然,réngrán,副词,语法功能词,still; yet,HSK 2.0 Level 4
958,日记,rìjì,名词,日常生活与情感,diary; journal,HSK 2.0 Level 4
959,入口,rùkǒu,名词,旅行与交通,entrance,HSK 2.0 Level 4
960,软,ruǎn,形容词,日常生活与情感,soft; flexible,HSK 2.0 Level 4
961,散步,sànbù,动词,健康与运动,to take a walk; to stroll,HSK 2.0 Level 4
962,森林,sēnlín,名词,科技与环境,forest,HSK 2.0 Level 4
963,沙发,shāfā,名词,日常生活与情感,sofa; couch,HSK 2.0 Level 4
964,商量,shāngliang,动词,人际交往,to discuss; to consult,HSK 2.0 Level 4
965,伤心,shāngxīn,形容词,日常生活与情感,sad; broken-hearted,HSK 2.0 Level 4
966,稍微,shāowēi,副词,语法功能词,slightly; a little bit,HSK 2.0 Level 4
967,社会,shèhuì,名词,人际交往,society,HSK 2.0 Level 4
968,深,shēn,形容词,日常生活与情感,deep; dark (color),HSK 2.0 Level 4
969,申请,shēnqǐng,动词,职场与教育,to apply for; application,HSK 2.0 Level 4
970,甚至,shènzhì,副词,语法功能词,even; so far as to,HSK 2.0 Level 4
971,生活,shēnghuó,名词,日常生活与情感,life; lifestyle; to live,HSK 2.0 Level 4
972,生命,shēngmìng,名词,科技与环境,life; lifespan,HSK 2.0 Level 4
973,省,shěng,名词,旅行与交通,province; to save,HSK 2.0 Level 4
974,剩,shèng,动词,日常生活与情感,to remain; to be left over,HSK 2.0 Level 4
975,失败,shībài,动词,职场与教育,to fail; failure,HSK 2.0 Level 4
976,失望,shīwàng,形容词,日常生活与情感,disappointed,HSK 2.0 Level 4
977,师傅,shīfu,名词,人际交往,master worker; master; driver,HSK 2.0 Level 4
978,湿润,shīrùn,形容词,科技与环境,moist; humid; damp,HSK 2.0 Level 4
979,狮子,shīzi,名词,科技与环境,lion,HSK 2.0 Level 4
980,十分,shífēn,副词,语法功能词,extremely; very; fully,HSK 2.0 Level 4
981,实际,shíjì,名词,日常生活与情感,reality; practice; practical,HSK 2.0 Level 4
982,实在,shízài,副词,语法功能词,indeed; really; honest,HSK 2.0 Level 4
983,食品,shípǐn,名词,日常生活与情感,food; foodstuff,HSK 2.0 Level 4
984,使用,shǐyòng,动词,科技与环境,to use; to employ; to apply,HSK 2.0 Level 4
985,试,shì,动词,职场与教育,to try; to test,HSK 2.0 Level 4
986,市场,shìchǎng,名词,消费与休闲,market; marketplace,HSK 2.0 Level 4
987,适合,shìhé,动词,日常生活与情感,to suit; to fit,HSK 2.0 Level 4
988,适应,shìyìng,动词,日常生活与情感,to adapt to; to adjust to,HSK 2.0 Level 4
989,世纪,shìjì,名词,科技与环境,century,HSK 2.0 Level 4
990,收,shōu,动词,人际交往,to receive; to accept; to collect,HSK 2.0 Level 4
991,收入,shōurù,名词,职场与教育,income; revenue,HSK 2.0 Level 4
992,收拾,shōushi,动词,日常生活与情感,to tidy up; to pack,HSK 2.0 Level 4
993,首都,shǒudū,名词,旅行与交通,capital (city),HSK 2.0 Level 4
994,首先,shǒuxiān,副词,语法功能词,first of all; firstly,HSK 2.0 Level 4
995,受不了,shòubuliǎo,动词,日常生活与情感,cannot stand; unbearable,HSK 2.0 Level 4
996,受到,shòudào,动词,人际交往,to receive; to suffer; to obtain,HSK 2.0 Level 4
997,售货员,shòuhuòyuán,名词,消费与休闲,salesperson; shop assistant,HSK 2.0 Level 4
998,输,shū,动词,健康与运动,to lose; to be defeated,HSK 2.0 Level 4
999,熟悉,shúxī,动词,人际交往,to be familiar with; to know well,HSK 2.0 Level 4
1000,数量,shùliàng,名词,语法功能词,quantity; amount,HSK 2.0 Level 4
1001,数字,shùzì,名词,职场与教育,number; numeral; digit,HSK 2.0 Level 4
1002,帅,shuài,形容词,日常生活与情感,handsome; smart; cool,HSK 2.0 Level 4
1003,顺便,shùnbiàn,副词,语法功能词,by the way; in passing; conveniently,HSK 2.0 Level 4
1004,顺利,shùnlì,形容词,职场与教育,smoothly; successful; without a hitch,HSK 2.0 Level 4
1005,顺序,shùnxù,名词,职场与教育,order; sequence,HSK 2.0 Level 4
1006,说明,shuōmíng,动词,职场与教育,to explain; to illustrate; explanation,HSK 2.0 Level 4
1007,硕士,shuòshì,名词,职场与教育,master's degree; master,HSK 2.0 Level 4
1008,死,sǐ,动词,日常生活与情感,to die; dead,HSK 2.0 Level 4
1009,速度,sùdù,名词,科技与环境,speed; velocity,HSK 2.0 Level 4
1010,塑料袋,sùliàodài,名词,科技与环境,plastic bag,HSK 2.0 Level 4
1011,酸,suān,形容词,日常生活与情感,sour; tart; sore,HSK 2.0 Level 4
1012,算,suàn,动词,日常生活与情感,to calculate; to count as; to plan,HSK 2.0 Level 4
1013,随便,suíbiàn,形容词,人际交往,casual; careless; do as one pleases,HSK 2.0 Level 4
1014,随着,suízhe,介词,语法功能词,along with; in the wake of; following,HSK 2.0 Level 4
1015,孙子,sūnzi,名词,日常生活与情感,grandson,HSK 2.0 Level 4
1016,所有,suǒyǒu,形容词,语法功能词,all; every; entire,HSK 2.0 Level 4
1017,台,tái,量词,语法功能词,measure word for machines or performances,HSK 2.0 Level 4
1018,抬,tái,动词,日常生活与情感,to lift; to raise; to carry,HSK 2.0 Level 4
1019,态度,tàidu,名词,人际交往,attitude; bearing; manner,HSK 2.0 Level 4
1020,谈,tán,动词,人际交往,to talk; to discuss; to chat,HSK 2.0 Level 4
1021,弹钢琴,tán gāngqín,动词,消费与休闲,to play the piano,HSK 2.0 Level 4
1022,汤,tāng,名词,日常生活与情感,soup; broth,HSK 2.0 Level 4
1023,躺,tǎng,动词,日常生活与情感,to lie down; to recline,HSK 2.0 Level 4
1024,趟,tàng,量词,语法功能词,measure word for trips or times,HSK 2.0 Level 4
1025,讨论,tǎolùn,动词,职场与教育,to discuss; to talk over; discussion,HSK 2.0 Level 4
1026,讨厌,tǎoyàn,动词,日常生活与情感,to dislike; to loathe; annoying,HSK 2.0 Level 4
1027,特点,tèdiǎn,名词,日常生活与情感,characteristic; feature; trait,HSK 2.0 Level 4
1028,提供,tígōng,动词,职场与教育,to provide; to supply; to offer,HSK 2.0 Level 4
1029,提前,tíqián,动词,职场与教育,to shift to an earlier date; in advance,HSK 2.0 Level 4
1030,提醒,tíxǐng,动词,人际交往,to remind; to warn,HSK 2.0 Level 4
1031,填空,tiánkòng,动词,职场与教育,to fill in the blanks,HSK 2.0 Level 4
1032,条件,tiáojiàn,名词,职场与教育,condition; term; qualification,HSK 2.0 Level 4
1033,停止,tíngzhǐ,动词,语法功能词,to stop; to halt; to cease,HSK 2.0 Level 4
1034,挺,tǐng,副词,语法功能词,quite; rather; very,HSK 2.0 Level 4
1035,通过,tōngguò,介词,语法功能词,by means of; through; to pass,HSK 2.0 Level 4
1036,通知,tōngzhī,动词,职场与教育,to notify; to inform; notice,HSK 2.0 Level 4
1037,同情,tóngqíng,动词,日常生活与情感,to sympathize with; sympathy,HSK 2.0 Level 4
1038,推,tuī,动词,日常生活与情感,to push; to shove; to postpone,HSK 2.0 Level 4
1039,推迟,tuīchí,动词,职场与教育,to postpone; to delay; to defer,HSK 2.0 Level 4
1040,脱,tuō,动词,日常生活与情感,"to take off (clothes, shoes); to shed",HSK 2.0 Level 4
1041,袜子,wàzi,名词,日常生活与情感,socks; stockings,HSK 2.0 Level 4
1042,完全,wánquán,副词,语法功能词,completely; fully; entirely,HSK 2.0 Level 4
1043,往,wǎng,介词,语法功能词,towards; to; head for,HSK 2.0 Level 4
1044,往往,wǎngwǎng,副词,语法功能词,often; frequently; more often than not,HSK 2.0 Level 4
1045,网球,wǎngqiú,名词,健康与运动,tennis,HSK 2.0 Level 4
1046,网站,wǎngzhàn,名词,科技与环境,website,HSK 2.0 Level 4
1047,危险,wēixiǎn,形容词,科技与环境,dangerous; risky; peril,HSK 2.0 Level 4
1048,味道,wèidào,名词,日常生活与情感,taste; flavor; smell,HSK 2.0 Level 4
1049,温度,wēndù,名词,科技与环境,temperature,HSK 2.0 Level 4
1050,文章,wénzhāng,名词,职场与教育,article; essay,HSK 2.0 Level 4
1051,握手,wòshǒu,动词,人际交往,to shake hands,HSK 2.0 Level 4
1052,污染,wūrǎn,动词,科技与环境,to pollute; to contaminate; pollution,HSK 2.0 Level 4
1053,无,wú,动词,语法功能词,to not have; without; lacking,HSK 2.0 Level 4
1054,无聊,wúliáo,形容词,日常生活与情感,bored; boring; senseless,HSK 2.0 Level 4
1055,无论,wúlùn,连词,语法功能词,no matter what/how; regardless of,HSK 2.0 Level 4
1056,误会,wùhuì,动词,人际交往,to misunderstand; misunderstanding,HSK 2.0 Level 4
1057,西红柿,xīhóngshì,名词,日常生活与情感,tomato,HSK 2.0 Level 4
1058,吸引,xīyǐn,动词,消费与休闲,to attract; to draw (attention),HSK 2.0 Level 4
1059,洗衣机,xǐyījī,名词,日常生活与情感,washing machine,HSK 2.0 Level 4
1060,咸,xián,形容词,日常生活与情感,salty,HSK 2.0 Level 4
1061,现代,xiàndài,名词,科技与环境,modern times; modern age,HSK 2.0 Level 4
1062,羡慕,xiànmù,动词,日常生活与情感,to admire; to envy,HSK 2.0 Level 4
1063,限制,xiànzhì,动词,职场与教育,to limit; to restrict; restriction,HSK 2.0 Level 4
1064,香,xiāng,形容词,日常生活与情感,fragrant; sweet-smelling; savory,HSK 2.0 Level 4
1065,相反,xiāngfǎn,形容词,语法功能词,opposite; contrary,HSK 2.0 Level 4
1066,详细,xiángxì,形容词,职场与教育,detailed; thorough,HSK 2.0 Level 4
1067,响,xiǎng,动词,日常生活与情感,to ring; to sound; loud,HSK 2.0 Level 4
1068,消息,xiāoxi,名词,人际交往,news; information; message,HSK 2.0 Level 4
1069,小说,xiǎoshuō,名词,消费与休闲,novel; fiction,HSK 2.0 Level 4
1070,笑话,xiàohua,名词,消费与休闲,joke; jest; to laugh at,HSK 2.0 Level 4
1071,效果,xiàoguǒ,名词,职场与教育,effect; result; outcome,HSK 2.0 Level 4
1072,辛苦,xīnkǔ,形容词,职场与教育,hard; laborious; toilsome,HSK 2.0 Level 4
1073,心情,xīnqíng,名词,日常生活与情感,mood; state of mind,HSK 2.0 Level 4
1074,信任,xìnrèn,动词,人际交往,to trust; to have confidence in,HSK 2.0 Level 4
1075,信心,xìnxīn,名词,日常生活与情感,confidence; faith,HSK 2.0 Level 4
1076,信用卡,xìnyòngkǎ,名词,消费与休闲,credit card,HSK 2.0 Level 4
1077,兴奋,xīngfèn,形容词,日常生活与情感,excited; thrilled,HSK 2.0 Level 4
1078,行,xíng,动词,人际交往,to be okay; to be alright; to walk,HSK 2.0 Level 4
1079,醒,xǐng,动词,健康与运动,to wake up; to sober up,HSK 2.0 Level 4
1080,性别,xìngbié,名词,人际交往,gender; sex,HSK 2.0 Level 4
1081,性格,xìnggé,名词,人际交往,personality; character; disposition,HSK 2.0 Level 4
1082,幸福,xìngfú,形容词,日常生活与情感,happy; blessed; well-being,HSK 2.0 Level 4
1083,修,xiū,动词,日常生活与情感,to repair; to mend; to build,HSK 2.0 Level 4
1084,许多,xǔduō,形容词,语法功能词,many; much; a lot of,HSK 2.0 Level 4
1085,血,xuè,名词,健康与运动,blood,HSK 2.0 Level 4
1086,压力,yālì,名词,职场与教育,pressure; stress,HSK 2.0 Level 4
1087,牙膏,yágāo,名词,日常生活与情感,toothpaste,HSK 2.0 Level 4
1088,亚洲,Yàzhōu,名词,旅行与交通,Asia,HSK 2.0 Level 4
1089,呀,ya,助词,语法功能词,(interjection expressing surprise or soft tone),HSK 2.0 Level 4
1090,盐,yán,名词,日常生活与情感,salt,HSK 2.0 Level 4
1091,严格,yángé,形容词,职场与教育,strict; rigorous,HSK 2.0 Level 4
1092,严重,yánzhòng,形容词,科技与环境,serious; grave; critical,HSK 2.0 Level 4
1093,研究生,yánjiūshēng,名词,职场与教育,postgraduate student; graduate student,HSK 2.0 Level 4
1094,演出,yǎnchū,动词,消费与休闲,to perform; show; exhibition,HSK 2.0 Level 4
1095,演员,yǎnyuán,名词,消费与休闲,actor; actress; performer,HSK 2.0 Level 4
1096,阳光,yángguāng,名词,科技与环境,sunshine; sunlight,HSK 2.0 Level 4
1097,养成,yǎngchéng,动词,日常生活与情感,to cultivate; to form (a habit),HSK 2.0 Level 4
1098,样子,yàngzi,名词,日常生活与情感,appearance; look; manner,HSK 2.0 Level 4
1099,邀请,yāoqǐng,动词,人际交往,to invite; invitation,HSK 2.0 Level 4
1100,钥匙,yàoshi,名词,日常生活与情感,key,HSK 2.0 Level 4
1101,也许,yěxǔ,副词,语法功能词,perhaps; maybe,HSK 2.0 Level 4
1102,页,yè,量词,语法功能词,page; leaf,HSK 2.0 Level 4
1103,叶子,yèzi,名词,科技与环境,leaf,HSK 2.0 Level 4
1104,一切,yíqiè,代词,语法功能词,all; everything,HSK 2.0 Level 4
1105,以,yǐ,介词,语法功能词,with; by means of; in order to,HSK 2.0 Level 4
1106,亿,yì,数词,语法功能词,hundred million,HSK 2.0 Level 4
1107,意见,yìjiàn,名词,人际交往,opinion; view; objection,HSK 2.0 Level 4
1108,艺术,yìshù,名词,消费与休闲,art,HSK 2.0 Level 4
1109,因此,yīncǐ,连词,语法功能词,therefore; for this reason; consequently,HSK 2.0 Level 4
1110,饮料,yǐnliào,名词,日常生活与情感,beverage; drink,HSK 2.0 Level 4
1111,引起,yǐnqǐ,动词,科技与环境,to cause; to lead to; to arouse,HSK 2.0 Level 4
1112,印象,yìnxiàng,名词,人际交往,impression,HSK 2.0 Level 4
1113,赢,yíng,动词,健康与运动,to win; to beat,HSK 2.0 Level 4
1114,硬,yìng,形容词,日常生活与情感,hard; stiff; tough,HSK 2.0 Level 4
1115,勇敢,yǒnggǎn,形容词,日常生活与情感,brave; courageous,HSK 2.0 Level 4
1116,永远,yǒngyuǎn,副词,语法功能词,forever; always; eternally,HSK 2.0 Level 4
1117,优点,yōudiǎn,名词,人际交往,merit; advantage; strong point,HSK 2.0 Level 4
1118,优秀,yōuxiù,形容词,职场与教育,excellent; outstanding; distinguished,HSK 2.0 Level 4
1119,幽默,yōumò,形容词,人际交往,humorous; funny,HSK 2.0 Level 4
1120,由,yóu,介词,语法功能词,by; from; due to,HSK 2.0 Level 4
1121,由于,yóuyú,连词,语法功能词,because of; due to; owing to,HSK 2.0 Level 4
1122,尤其,yóuqí,副词,语法功能词,especially; particularly,HSK 2.0 Level 4
1123,有趣,yǒuqù,形容词,消费与休闲,interesting; fascinating; amusing,HSK 2.0 Level 4
1124,友好,yǒuhǎo,形容词,人际交往,friendly; amicable,HSK 2.0 Level 4
1125,友谊,yǒuyì,名词,人际交往,friendship; companionship,HSK 2.0 Level 4
1126,愉快,yúkuài,形容词,日常生活与情感,pleasant; happy; joyful,HSK 2.0 Level 4
1127,于是,yúshì,连词,语法功能词,as a result; thereupon; hence,HSK 2.0 Level 4
1128,与,yǔ,连词,语法功能词,and; with; together with,HSK 2.0 Level 4
1129,语法,yǔfǎ,名词,职场与教育,grammar,HSK 2.0 Level 4
1130,语言,yǔyán,名词,职场与教育,language,HSK 2.0 Level 4
1131,羽毛球,yǔmáoqiú,名词,健康与运动,badminton,HSK 2.0 Level 4
1132,预习,yùxí,动词,职场与教育,to preview; to prepare lessons before class,HSK 2.0 Level 4
1133,圆,yuán,形容词,日常生活与情感,round; circular,HSK 2.0 Level 4
1134,原来,yuánlái,形容词,语法功能词,original; former; as it turns out,HSK 2.0 Level 4
1135,原谅,yuánliàng,动词,人际交往,to forgive; to excuse; to pardon,HSK 2.0 Level 4
1136,原因,yuányīn,名词,日常生活与情感,reason; cause,HSK 2.0 Level 4
1137,约会,yuēhuì,动词,人际交往,to date; to make an appointment; date,HSK 2.0 Level 4
1138,阅读,yuèdú,动词,职场与教育,to read; reading,HSK 2.0 Level 4
1139,允许,yǔnxǔ,动词,职场与教育,to allow; to permit,HSK 2.0 Level 4
1140,杂志,zázhì,名词,消费与休闲,magazine; journal,HSK 2.0 Level 4
1141,咱们,zánmen,代词,语法功能词,we; us (inclusive of speaker and listener),HSK 2.0 Level 4
1142,暂时,zànshí,副词,语法功能词,temporarily; for the moment; temporary,HSK 2.0 Level 4
1143,脏,zāng,形容词,日常生活与情感,dirty; filthy,HSK 2.0 Level 4
1144,责任,zérèn,名词,职场与教育,responsibility; duty; blame,HSK 2.0 Level 4
1145,增加,zēngjiā,动词,科技与环境,to increase; to add; to raise,HSK 2.0 Level 4
1146,增长,zēngzhǎng,动词,科技与环境,to grow; to increase; growth,HSK 2.0 Level 4
1147,窄,zhǎi,形容词,日常生活与情感,narrow,HSK 2.0 Level 4
1148,招聘,zhāopìn,动词,职场与教育,to recruit; to invite applications for jobs,HSK 2.0 Level 4
1149,真正,zhēnzhèng,形容词,语法功能词,genuine; real; true,HSK 2.0 Level 4
1150,整理,zhěnglǐ,动词,日常生活与情感,to arrange; to tidy up; to sort out,HSK 2.0 Level 4
1151,整齐,zhěngqí,形容词,日常生活与情感,tidy; neat; orderly,HSK 2.0 Level 4
1152,正常,zhèngcháng,形容词,科技与环境,normal; regular,HSK 2.0 Level 4
1153,正好,zhènghǎo,副词,语法功能词,just right; precisely; happen to,HSK 2.0 Level 4
1154,正确,zhèngquè,形容词,职场与教育,correct; right; proper,HSK 2.0 Level 4
1155,正式,zhèngshì,形容词,职场与教育,official; formal,HSK 2.0 Level 4
1156,证明,zhèngmíng,动词,职场与教育,to prove; to testify; certificate,HSK 2.0 Level 4
1157,之,zhī,助词,语法功能词,(literary equivalent of 'de'); of,HSK 2.0 Level 4
1158,只,zhī,量词,语法功能词,"measure word for some animals, boats, or pairs",HSK 2.0 Level 4
1159,支持,zhīchí,动词,人际交往,to support; to back; support,HSK 2.0 Level 4
1160,知识,zhīshi,名词,职场与教育,knowledge,HSK 2.0 Level 4
1161,值得,zhídé,动词,消费与休闲,to be worth; to deserve,HSK 2.0 Level 4
1162,直接,zhíjiē,形容词,人际交往,direct; straight; immediate,HSK 2.0 Level 4
1163,植物,zhíwù,名词,科技与环境,plant; flora,HSK 2.0 Level 4
1164,职业,zhíyè,名词,职场与教育,occupation; profession; career,HSK 2.0 Level 4
1165,指,zhǐ,动词,人际交往,to point to; to refer to,HSK 2.0 Level 4
1166,只好,zhǐhǎo,副词,语法功能词,have to; forced to; have no choice but to,HSK 2.0 Level 4
1167,只要,zhǐyào,连词,语法功能词,as long as; provided that,HSK 2.0 Level 4
1168,质量,zhìliàng,名词,消费与休闲,quality,HSK 2.0 Level 4
1169,至少,zhìshǎo,副词,语法功能词,at least,HSK 2.0 Level 4
1170,制造,zhìzào,动词,科技与环境,to manufacture; to make; to create,HSK 2.0 Level 4
1171,中文,Zhōngwén,名词,职场与教育,Chinese; Chinese language,HSK 2.0 Level 4
1172,重点,zhòngdiǎn,名词,职场与教育,focus; key point; emphasis,HSK 2.0 Level 4
1173,重视,zhòngshì,动词,职场与教育,to value; to attach importance to; to pay attention to,HSK 2.0 Level 4
1174,周围,zhōuwéi,名词,科技与环境,surroundings; around; vicinity,HSK 2.0 Level 4
1175,猪,zhū,名词,科技与环境,pig,HSK 2.0 Level 4
1176,逐渐,zhújiàn,副词,语法功能词,gradually; by degrees,HSK 2.0 Level 4
1177,主动,zhǔdòng,形容词,人际交往,active; initiative; voluntary,HSK 2.0 Level 4
1178,主意,zhǔyi,名词,日常生活与情感,idea; plan; decision,HSK 2.0 Level 4
1179,祝贺,zhùhè,动词,人际交往,to congratulate,HSK 2.0 Level 4
1180,著名,zhùmíng,形容词,消费与休闲,famous; well-known; celebrated,HSK 2.0 Level 4
1181,专门,zhuānmén,副词,语法功能词,specially; specialized,HSK 2.0 Level 4
1182,专业,zhuānyè,名词,职场与教育,major; specialty; professional,HSK 2.0 Level 4
1183,赚,zhuàn,动词,消费与休闲,to earn; to make a profit,HSK 2.0 Level 4
1184,撞,zhuàng,动词,旅行与交通,to bump into; to collide; to run into,HSK 2.0 Level 4
1185,准确,zhǔnquè,形容词,职场与教育,accurate; exact; precise,HSK 2.0 Level 4
1186,准时,zhǔnshí,副词,语法功能词,on time; punctual; punctually,HSK 2.0 Level 4
1187,仔细,zǐxì,形容词,职场与教育,careful; attentive; cautious,HSK 2.0 Level 4
1188,自然,zìrán,名词,科技与环境,nature; natural; naturally,HSK 2.0 Level 4
1189,总结,zǒngjié,动词,职场与教育,to summarize; summary,HSK 2.0 Level 4
1190,租,zū,动词,日常生活与情感,to rent; to lease,HSK 2.0 Level 4
1191,组成,zǔchéng,动词,科技与环境,to form; to constitute; to compose,HSK 2.0 Level 4
1192,组织,zǔzhī,动词,人际交往,to organize; organization,HSK 2.0 Level 4
1193,嘴,zuǐ,名词,健康与运动,mouth,HSK 2.0 Level 4
1194,最好,zuìhǎo,副词,语法功能词,had better; best,HSK 2.0 Level 4
1195,最后,zuìhòu,名词,语法功能词,finally; last; at last,HSK 2.0 Level 4
1196,尊重,zūnzhòng,动词,人际交往,to respect; to value,HSK 2.0 Level 4
1197,做生意,zuò shēngyi,动词,消费与休闲,to do business; to trade,HSK 2.0 Level 4
1198,座,zuò,量词,语法功能词,"measure word for mountains, buildings, or large structures",HSK 2.0 Level 4
1199,座位,zuòwèi,名词,旅行与交通,seat; place,HSK 2.0 Level 4
1200,作者,zuòzhě,名词,职场与教育,author; writer,HSK 2.0 Level 4
